-4.838709677419355,5.483870967741936,-0.09760521114260858,0.10696743908141305,-0.32894853656048983
-4.838709677419355,6.129032258064514,-0.0982511233813718,0.11946656894130919,-0.42841484260183854
-4.838709677419355,6.774193548387098,-0.09690012186519645,0.13406942430448787,-0.49386876814093744
-4.838709677419355,7.419354838709679,-0.09347089975776077,0.151192583277338,-0.5520457008441625
-4.838709677419355,8.064516129032256,-0.08841152440830245,0.17133055775936085,-0.6025308345469512
-4.838709677419355,8.709677419354843,-0.08171404952229437,0.1944170325871605,-0.6516946740237011
-4.838709677419355,9.35483870967742,-0.07392505628431355,0.22073968080035836,-0.6978648266074894
8.064516129032256,9.35483870967742,-0.012062267837426708,0.012129735282700697,-0.006828195204563348
8.064516129032256,8.709677419354836,-0.005801573357692379,0.005810804156885074,-0.0007422698425025526
8.064516129032256,8.064516129032258,3.064114019690062e-06,3.064114019070303e-06,-1.6503002668126026e-16
8.064516129032256,7.419354838709679,0.005812671280366316,-0.005803516284833592,0.0005842325091532241
8.064516129032256,6.7741935483871,0.012154249693112665,-0.012098838667314276,0.006497363992983032
8.064516129032256,6.129032258064514,0.01848014201129092,-0.01820817551200793,0.016253175942045187
8.064516129032256,5.483870967741936,0.024831844668846796,-0.024015052057729143,0.029771843304195446
8.064516129032256,4.838709677419355,0.03129888506138167,-0.02942574711760929,0.04706699100355689
8.064516129032256,4.193548387096775,0.038003067944612716,-0.03435323810048911,0.0681483033584382
8.064516129032256,3.5483870967741926,0.045087938240549394,-0.03872812565263733,0.09299634733094193
8.064516129032256,2.9032258064516134,0.05270348465347783,-0.042512722951095414,0.12154232625863577
8.064516129032256,2.258064516129032,0.06098814276166613,-0.045714163733761796,0.15364842436427623
8.064516129032256,1.612903225806452,0.07004760067842727,-0.048393553592197665,0.18909380320830765
8.064516129032256,0.967741935483872,0.07993108330206573,-0.05066819154683685,0.22757381115084344
8.064516129032256,0.32258064516129,0.0900932539535814,-0.05249209933600748,0.27408874984708664
8.064516129032256,-0.32258064516129,0.10158739117886269,-0.054319966999711866,0.3183603129854536
8.064516129032256,-0.96774193548387,0.11383830602723585,-0.056767064407011285,0.35816251266366933
8.064516129032256,-1.612903225806452,0.12565224836502947,-0.05948986031462107,0.4043729093406893
8.064516129032256,-2.258064516129032,0.1372760541693341,-0.06271475906266569,0.4526981889691088
8.064516129032256,-2.903225806451613,0.14816442399235133,-0.06678711973693673,0.5023517868402674
8.064516129032256,-3.5483870967741926,0.1578377215033831,-0.07193040206279594,0.5533405111248241
8.064516129032256,-4.193548387096775,0.1658271529287151,-0.07836993675569674,0.6059566604121844
8.064516129032256,-4.838709677419354,0.17171174906562883,-0.08635511627789262,0.660585223963269
8.064516129032256,-5.483870967741936,0.1751836882281278,-0.09616638453375573,0.7177156648870892
8.064516129032256,-6.129032258064514,0.17607845509625086,-0.107997388464269,0.7808488936727929
8.064516129032256,-6.774193548387098,0.17420388055585173,-0.1221817409535786,0.8569048349943593
8.064516129032256,-7.419354838709679,0.16972907487508385,-0.13890423990454798,0.9840366521926112
1.612903225806452,9.35483870967742,-0.04085830712038112,0.09499541120532153,-0.2831918153715377
1.612903225806452,8.709677419354836,-0.04486071942416824,0.08184951983289686,-0.23804016701501396
1.612903225806452,8.064516129032258,-0.0469852068376917,0.07070286253365808,-0.1948962224438898
1.612903225806452,7.419354838709679,-0.046815304661782256,0.061211663565778916,-0.15607689891408286
1.612903225806452,6.7741935483871,-0.0446736145908622,0.052886538651840835,-0.12176380485478736
1.612903225806452,6.129032258064514,-0.04099892220221283,0.04534939483725675,-0.09186245273343133
1.612903225806452,5.483870967741936,-0.036222383865589326,0.03832054509688189,-0.06617376464822976
1.612903225806452,4.838709677419355,-0.030709052851330652,0.031600836225884193,-0.044492042769381894
1.612903225806452,4.193548387096775,-0.024740735067196422,0.025054660780554145,-0.026628884374682492
1.612903225806452,3.5483870967741926,-0.018519541522464482,0.018599136325376978,-0.012395157460580779
1.612903225806452,2.9032258064516134,-0.01217808965933334,0.012191636095853223,-0.0016140319747632382
1.612903225806452,2.258064516129032,-0.005804269359207363,0.005825765643553665,0.005509552287895807
1.612903225806452,1.612903225806452,1.3551820680802324e-05,1.3551820680446358e-05,-5.450501161519128e-16
1.612903225806452,0.967741935483872,0.005828055372627631,-0.005796316378031883,-0.009515222358229873
1.612903225806452,0.32258064516129,0.012164981484287074,-0.012143552421583725,-0.006919803339413116
1.612903225806452,-0.32258064516129,0.018546081852083843,-0.018515529980091604,-0.0034389715730732268
1.612903225806452,-0.96774193548387,0.024928586445656927,-0.02496172280762349,-0.010333794138816188
4.838709677419354,9.35483870967742,-0.03618935868682694,0.0447948125326394,-0.0964680224847077
4.838709677419354,8.709677419354836,-0.03353722288918788,0.03790188454081269,-0.0695246937299229
4.838709677419354,8.064516129032258,-0.029353692720299942,0.03132683986467574,-0.04736256427335793
4.838709677419354,7.419354838709679,-0.024151725844238935,0.024906002618714874,-0.02954403610477712
4.838709677419354,6.7741935483871,-0.018323256896673364,0.018540849294843016,-0.01573265172615481
4.838709677419354,6.129032258064514,-0.01214263733704366,0.012180537677641812,-0.005723019378986303
4.838709677419354,5.483870967741936,-0.005808923960189677,0.00581886980682658,0.0004390103855613391
4.838709677419354,4.838709677419355,4.823999148384148e-06,4.82399914782892e-06,-1.9492509458392721e-16
4.838709677419354,4.193548387096775,0.005820159682045883,-0.005809505835016384,-0.0008761899502884117
4.838709677419354,3.5483870967741926,0.012190644628502523,-0.01216395582989129,0.0048213820021380934
4.838709677419354,2.9032258064516134,0.018591205541895993,-0.018462210628066588,0.014346479639684735
4.838709677419354,2.258064516129032,0.025039389066669818,-0.024663300959994163,0.027502602205975942
4.838709677419354,1.612903225806452,0.031568125963253445,-0.03075142151452216,0.04426455638179153
4.838709677419354,0.967741935483872,0.038212354193187116,-0.036720119510775896,0.06462205586408792
4.838709677419354,0.32258064516129,0.04494603864339461,-0.042631432285497796,0.08914352577752659
4.838709677419354,-0.32258064516129,0.051869290007167716,-0.048375109703923204,0.11682859917143773
4.838709677419354,-0.96774193548387,0.05893056259815173,-0.05405304351172753,0.14782147971863793
4.838709677419354,-1.612903225806452,0.0660237059732953,-0.06001586466276758,0.1814149530735864
4.838709677419354,-2.258064516129032,0.07296631957323371,-0.06607927581405605,0.22003885893091127
4.838709677419354,-2.903225806451613,0.07952164700311469,-0.07259346920641928,0.2631918728350705
4.838709677419354,-3.5483870967741926,0.0856205554035137,-0.07960757546758154,0.3132476251688916
4.838709677419354,-4.193548387096775,0.09074678462065142,-0.08764269598038679,0.37773105520727296
0.96774193548387,9.35483870967742,-0.04092044763141067,0.10872007764702113,-0.32719793015216514
0.96774193548387,8.709677419354836,-0.045614910982248874,0.09371619388680089,-0.280919836549644
0.96774193548387,8.064516129032258,-0.048877240632733875,0.08090634963137829,-0.23500106407358118
0.96774193548387,7.419354838709679,-0.04987927777568187,0.07014642013285757,-0.19267273726243855
0.96774193548387,6.7741935483871,-0.0487709268469086,0.060900264140769315,-0.15448406787888935
0.96774193548387,6.129032258064514,-0.045916632591645724,0.05272281750528288,-0.12057255780840433
0.96774193548387,5.483870967741936,-0.04173677170373335,0.04527003006145449,-0.09086174778863786
0.96774193548387,4.838709677419355,-0.0366223172243175,0.038284732743078566,-0.06519827282596548
0.96774193548387,4.193548387096775,-0.030895609525291003,0.03158276339660309,-0.0434170409589499
0.96774193548387,3.5483870967741926,-0.024803982998364046,0.025040357536498727,-0.025318667378094087
0.96774193548387,2.9032258064516134,-0.018527183598612343,0.018587058960256128,-0.01059487169892431
0.96774193548387,2.258064516129032,-0.012170918198542425,0.012184262843409198,0.0010532900782093382
0.96774193548387,1.612903225806452,-0.005796316378069331,0.005828055372605154,0.009515222366166332
0.96774193548387,0.967741935483872,2.2278502509522995e-05,2.2278502509224623e-05,-7.7021722333370235e-16
0.96774193548387,0.32258064516129,0.005828799174808171,-0.005771477325408745,-0.021189980223888183
0.96774193548387,-0.32258064516129,0.012149869084227537,-0.01212642996207173,-0.03592839393327966
-5.483870967741936,6.129032258064514,-0.10911404797733629,0.12143731933015539,-0.39697313715584354
-5.483870967741936,6.774193548387098,-0.10767757033158064,0.13626033216773561,-0.5127313121185904
-5.483870967741936,7.419354838709679,-0.1041630861553111,0.1535827044458847,-0.5821382505633482
-5.483870967741936,8.064516129032256,-0.09865950710933748,0.17371503437793573,-0.6410036912684997
-5.483870967741936,8.709677419354843,-0.09166618270650534,0.19705512541658823,-0.6915719065269237
-5.483870967741936,9.35483870967742,-0.0835482961698229,0.22337767388921215,-0.7381776220777816
3.5483870967741926,9.35483870967742,-0.040014434582823145,0.06134457484185436,-0.16164305249390373
3.5483870967741926,8.709677419354836,-0.040257156799685924,0.05282367612748817,-0.12565358029761695
3.5483870967741926,8.064516129032258,-0.03834743213487182,0.045217301258448916,-0.09456272091877356
3.5483870967741926,7.419354838709679,-0.03474893813136347,0.038191079064346385,-0.06830270681849959
3.5483870967741926,6.7741935483871,-0.029970975234078538,0.031505380500976225,-0.04647977260892578
3.5483870967741926,6.129032258064514,-0.024426246898166963,0.025001350825732797,-0.028770634378529624
3.5483870967741926,5.483870967741936,-0.018420174638868643,0.01858052492557202,-0.014935867418354383
3.5483870967741926,4.838709677419355,-0.012163924208685348,0.01219067408376057,-0.004821510837559601
3.5483870967741926,4.193548387096775,-0.005809632552896403,0.005821401854000259,0.0014582331787690523
3.5483870967741926,3.5483870967741926,6.414328430439514e-06,6.4143284300746445e-06,-2.6656917414176934e-16
3.5483870967741926,2.9032258064516134,0.005822660838332036,-0.005809127816262702,-0.002271668550330392
3.5483870967741926,2.258064516129032,0.012193816205660181,-0.012176925619776117,0.0031429207485074934
3.5483870967741926,1.612903225806452,0.018597597509945243,-0.01852111609837557,0.012389110656466912
3.5483870967741926,0.967741935483872,0.025030027233856753,-0.02481457390524752,0.025270241928349833
3.5483870967741926,0.32258064516129,0.030686057121890275,-0.03069839981965037,0.0506903837589577
3.5483870967741926,-0.32258064516129,0.037490572274719476,-0.037170007491239006,0.06903948511381687
3.5483870967741926,-0.96774193548387,0.044547734182564795,-0.04361553391464404,0.08468629094700073
3.5483870967741926,-1.612903225806452,0.05104727155049747,-0.05004010575048535,0.1102440781904762
3.5483870967741926,-2.258064516129032,0.057324445650251805,-0.05654514984373956,0.14229372483827435
3.5483870967741926,-2.903225806451613,0.06341181097444962,-0.06345268251783978,0.17432380847719894
4.193548387096775,9.35483870967742,-0.038561098376663286,0.05259704922265846,-0.12706456737020455
4.193548387096775,8.709677419354836,-0.03730735102805352,0.04504196681976878,-0.09550115611348901
4.193548387096775,8.064516129032258,-0.03416720390428921,0.038067664865005256,-0.06891478316942096
4.193548387096775,7.419354838709679,-0.029674999186102398,0.03142780352000836,-0.04694212311022354
4.193548387096775,6.7741935483871,-0.024295129588981678,0.024959497387811256,-0.029191793896374527
4.193548387096775,6.129032258064514,-0.01837433245605045,0.01856317088125164,-0.01538033075004377
4.193548387096775,5.483870967741936,-0.012154148359706676,0.012186383037065086,-0.005331145694530199
4.193548387096775,4.838709677419355,-0.005809505835002905,0.0058201596820536584,0.0008761899498232061
4.193548387096775,4.193548387096775,5.497387340139733e-06,5.497387339732651e-06,-2.3337813163474644e-16
4.193548387096775,3.5483870967741926,0.005821401853992649,-0.005809632552903935,-0.0014582331787331092
4.193548387096775,2.9032258064516134,0.012193236035767318,-0.012171728405148291,0.004130997374840254
4.193548387096775,2.258064516129032,0.018597841952112847,-0.018496037273634806,0.01354875603943759
4.193548387096775,1.612903225806452,0.025044310254614354,-0.024752395840050786,0.026572660857173545
4.193548387096775,0.967741935483872,0.0315502337136735,-0.030933500874149714,0.04320592503515268
4.193548387096775,0.32258064516129,0.03794783019714313,-0.0370526776037959,0.06567612093502552
4.193548387096775,-0.32258064516129,0.044647130373655024,-0.04308111799490285,0.0895596568692821
4.193548387096775,-0.96774193548387,0.05152215853296626,-0.04922993826662876,0.11433903937378102
4.193548387096775,-1.612903225806452,0.05822490199755626,-0.055400746775770116,0.14526821311077534
4.193548387096775,-2.258064516129032,0.06480712210177589,-0.061853387788452306,0.17904403507264774
4.193548387096775,-2.903225806451613,0.07102102166412112,-0.06845674345637547,0.22170619997929003
4.193548387096775,-3.5483870967741926,0.07675436319175444,-0.07580863000394207,0.27100335337387355
6.129032258064514,9.35483870967742,-0.02863200687554562,0.03105226381325922,-0.04814218928208453
6.129032258064514,8.709677419354836,-0.023827704118535315,0.02476353598385678,-0.030120842779824124
6.129032258064514,8.064516129032258,-0.018205825218332746,0.018481495466154733,-0.016262545593298504
6.129032258064514,7.419354838709679,-0.012114902256709437,0.012164451171316277,-0.006287159123340508
6.129032258064514,6.7741935483871,-0.005806745706034503,0.0058160107393774125,-0.00017425438445218584
6.129032258064514,6.129032258064514,3.900164250127703e-06,3.900164249416351e-06,-1.6503002668126026e-16
6.129032258064514,5.483870967741936,0.005817494357683013,-0.0058079842259016355,-9.851302512333395e-05
6.129032258064514,4.838709677419355,0.012180509014685722,-0.012142671217674313,0.005722872156078725
6.129032258064514,4.193548387096775,0.018561671103316347,-0.018376286054468453,0.015372056445375957
6.129032258064514,3.5483870967741926,0.02499120073339744,-0.024441049752642392,0.028703320133771578
6.129032258064514,2.9032258064516134,0.03152753773325141,-0.03029450051086662,0.04569479155831761
6.129032258064514,2.258064516129032,0.03824243866986932,-0.035903027261507674,0.0663234136662523
6.129032258064514,1.612903225806452,0.0452086692642961,-0.04124799019804429,0.09055082538170238
6.129032258064514,0.967741935483872,0.05248480196678253,-0.04633473800253714,0.11831562062190774
6.129032258064514,0.32258064516129,0.059828864940242595,-0.051099330809077956,0.1515014885702665
6.129032258064514,-0.32258064516129,0.06766887694052919,-0.05568034496368232,0.1875320485927158
6.129032258064514,-0.96774193548387,0.07624740181202826,-0.06057572541348954,0.2220925703081394
6.129032258064514,-1.612903225806452,0.08453726398112389,-0.06539813739969139,0.26276013246620555
6.129032258064514,-2.258064516129032,0.09274536607920769,-0.07047751337953193,0.3069413385296355
6.129032258064514,-2.903225806451613,0.10055530248844409,-0.07604373493613235,0.35478043175270885
6.129032258064514,-3.5483870967741926,0.10763752098780512,-0.0825075059283774,0.4051948716249438
6.129032258064514,-4.193548387096775,0.11369165468384201,-0.08985937560096097,0.46202614979686724
6.129032258064514,-4.838709677419354,0.1182427670415081,-0.0987702319396431,0.5253738945359083
6.129032258064514,-5.483870967741936,0.12098953962048396,-0.10924088029026446,0.6211043161304397
9.35483870967742,9.35483870967742,2.696237556694172e-06,2.696237556622354e-06,-1.9923299121593628e-16
9.35483870967742,8.709677419354836,0.0058088030913778605,-0.005799434763588654,0.000877936473627885
9.35483870967742,8.064516129032258,0.012129711525791795,-0.01206231021006008,0.00682801146816698
9.35483870967742,7.419354838709679,0.018401307359827743,-0.018070816821920074,0.01664162815847758
9.35483870967742,6.7741935483871,0.024667012081477147,-0.023669548718291907,0.030284473324036765
9.35483870967742,6.129032258064514,0.0310312745372874,-0.028722233359808006,0.04780967327880799
9.35483870967742,5.483870967741936,0.037645474066057935,-0.0330983233678259,0.06926737977377062
9.35483870967742,4.838709677419355,0.04469990368029775,-0.03668895422592112,0.09467170011621913
9.35483870967742,4.193548387096775,0.05241005087669538,-0.03942781525425294,0.12396883211510416
9.35483870967742,3.5483870967741926,0.060997956310395035,-0.04131268585275018,0.1570017073178463
9.35483870967742,2.9032258064516134,0.07066611089418937,-0.04242216961805947,0.1934794816283512
9.35483870967742,2.258064516129032,0.08156308346233686,-0.04292105091933101,0.23296548007370788
9.35483870967742,1.612903225806452,0.09374680175708774,-0.04305015992523611,0.27490643064027054
9.35483870967742,0.967741935483872,0.10715308753780481,-0.04309585800819797,0.31869263037454065
9.35483870967742,0.32258064516129,0.1213217701452228,-0.043120055110672365,0.36888711353938036
9.35483870967742,-0.32258064516129,0.13659883664761122,-0.04354630204491545,0.4148026445662316
9.35483870967742,-0.96774193548387,0.15231411389258553,-0.044972353270866634,0.45693357219083097
9.35483870967742,-1.612903225806452,0.1673680722923533,-0.047051292567202245,0.5028689271377077
9.35483870967742,-2.258064516129032,0.18189904476173144,-0.04950164066246264,0.550064303686487
9.35483870967742,-2.903225806451613,0.1952041359144093,-0.052936944986536734,0.5983975016689745
9.35483870967742,-3.5483870967741926,0.20679229906876243,-0.05746125756623878,0.6473041071093008
9.35483870967742,-4.193548387096775,0.2161095728842019,-0.06325738218567771,0.6968885797028664
9.35483870967742,-4.838709677419354,0.22275150263989432,-0.07061671230402392,0.7472072748458027
9.35483870967742,-5.483870967741936,0.2264355554371439,-0.07980658177243626,0.7984272349446456
9.35483870967742,-6.129032258064514,0.2270225622595271,-0.09104007524607892,0.850971120235648
9.35483870967742,-6.774193548387098,0.22453329221812998,-0.10448938961196443,0.9062767926613303
9.35483870967742,-7.419354838709679,0.2192173617562677,-0.1203642842524181,0.9665627770199734
9.35483870967742,-8.064516129032256,0.21136931626849959,-0.1387769514819017,1.0417566469404196
9.35483870967742,-8.709677419354843,0.2013927260930354,-0.1598629900411429,1.1760295008110055
8.709677419354843,9.35483870967742,-0.005799434763502733,0.005808803091349266,-0.0008779364757444083
8.709677419354843,8.709677419354836,2.8668447259407963e-06,2.8668447254614345e-06,-1.808160103126492e-16
8.709677419354843,8.064516129032258,0.005810804156904519,-0.005801573357763658,0.000742269840562295
8.709677419354843,7.419354838709679,0.012142676337083026,-0.012081290557823917,0.0066752754442991535
8.709677419354843,6.7741935483871,0.018443186010935746,-0.018142030743586935,0.016460322706097128
8.709677419354843,6.129032258064514,0.024755397520236158,-0.023848569727651665,0.030039878534325052
8.709677419354843,5.483870967741936,0.03117694620237821,-0.02908684193891032,0.0474457073884954
8.709677419354843,4.838709677419355,0.03784487861434403,-0.03374896611594384,0.06870575760990505
8.709677419354843,4.193548387096775,0.04492620666517587,-0.03774644233989019,0.09381516465082756
8.709677419354843,3.5483870967741926,0.05260317412316605,-0.041027131698398014,0.1227107158213087
8.709677419354843,2.9032258064516134,0.061054775476835285,-0.04359181248312853,0.15524434219555241
8.709677419354843,2.258064516129032,0.07043321046421094,-0.04550629987453723,0.19116217809646555
8.709677419354843,1.612903225806452,0.08083559523252264,-0.046904275224423676,0.23010015020605445
8.709677419354843,0.967741935483872,0.0922747772043075,-0.047977385024004816,0.2716055235803765
8.709677419354843,0.32258064516129,0.10426543732055552,-0.048747019289612344,0.32031051930013016
8.709677419354843,-0.32258064516129,0.11755744657273147,-0.049681735350099766,0.3662209065270884
8.709677419354843,-0.96774193548387,0.13142556846167083,-0.051423091554520454,0.4075150578122008
8.709677419354843,-1.612903225806452,0.144848431204163,-0.05359694029851081,0.4542829107686098
8.709677419354843,-2.258064516129032,0.15791188860216773,-0.05639203884070919,0.5024928933196865
8.709677419354843,-2.903225806451613,0.17001846572888174,-0.06013772695427551,0.5516338763658818
8.709677419354843,-3.5483870967741926,0.18064906452171822,-0.06497811353051396,0.6017116176427242
8.709677419354843,-4.193548387096775,0.18932208690424143,-0.07114808563830602,0.6527902737677113
8.709677419354843,-4.838709677419354,0.19562007297575432,-0.07888455226135296,0.7050970906386459
8.709677419354843,-5.483870967741936,0.19923348935834398,-0.08843143181296771,0.7589957941331327
8.709677419354843,-6.129032258064514,0.19996968480643568,-0.10001300667399698,0.8157583896120643
8.709677419354843,-6.774193548387098,0.19792760209787583,-0.11383577927999913,0.8782253393714919
8.709677419354843,-7.419354838709679,0.1930607947559348,-0.13022669258801273,0.9534007752895512
8.709677419354843,-8.064516129032256,0.18580022932960313,-0.14909544584804144,1.0883065244123038
2.258064516129032,9.35483870967742,-0.04088658584256814,0.08246339258655085,-0.2404535658093875
2.258064516129032,8.709677419354836,-0.0438766347910333,0.07109178292128308,-0.19742479142063044
2.258064516129032,8.064516129032258,-0.044697682692453826,0.061397537093841624,-0.15782254820831595
2.258064516129032,7.419354838709679,-0.04332043748109094,0.05296087441381367,-0.1229757009452865
2.258064516129032,6.7741935483871,-0.040189459912007945,0.04536818781694129,-0.09277692654892776
2.258064516129032,6.129032258064514,-0.03577540835561008,0.038316553752308004,-0.0669735765891323
2.258064516129032,5.483870967741936,-0.030488542535044086,0.031592046116304846,-0.04530900989022301
2.258064516129032,4.838709677419355,-0.024650691041080263,0.025049741928151775,-0.027562994807287543
2.258064516129032,4.193548387096775,-0.018494374423337588,0.01859938399292381,-0.01355567221123796
2.258064516129032,3.5483870967741926,-0.012176895943188886,0.012193845845366223,-0.0031430170232846608
2.258064516129032,2.9032258064516134,-0.005807630964392546,0.005824049551345374,0.003488909278262951
2.258064516129032,2.258064516129032,9.814416168303642e-06,9.814416167921077e-06,-3.991020477063974e-16
2.258064516129032,1.612903225806452,0.005825765643560102,-0.0058042693591924205,-0.005509552284508503
2.258064516129032,0.967741935483872,0.012184233664004736,-0.012170945500631199,-0.0010532840409528718
2.258064516129032,0.32258064516129,0.01853554847616718,-0.01847481974417781,0.007810580069228798
2.258064516129032,-0.32258064516129,0.024956933155097734,-0.024873339008529304,0.018051369383906325
2.258064516129032,-0.96774193548387,0.031372513870593574,-0.03133228513823081,0.028369067585524398
2.258064516129032,-1.612903225806452,0.0376009599787761,-0.037841238371549256,0.03667844004519042
-1.612903225806452,2.258064516129032,-0.03758421973918204,0.03789032979783653,-0.031055198157804612
-1.612903225806452,2.903225806451613,-0.043590627538403114,0.044736802943059546,-0.07270065408949167
-1.612903225806452,3.5483870967741926,-0.04930322749976948,0.051809781183392516,-0.10580449229679104
-1.612903225806452,4.193548387096775,-0.05446600338228606,0.059313395493334704,-0.1390625214004365
-1.612903225806452,4.838709677419354,-0.05884055298541887,0.06743996705242351,-0.1743808771804033
-1.612903225806452,5.483870967741936,-0.06217201206373721,0.0764347570544078,-0.21201202680409506
-1.612903225806452,6.129032258064514,-0.06419821529936992,0.08661364810073313,-0.25195628406779186
-1.612903225806452,6.774193548387098,-0.06455549697062725,0.09831720186668982,-0.2948026768916525
-1.612903225806452,7.419354838709679,-0.06307293889006185,0.1119982517013945,-0.3398805550301172
-1.612903225806452,8.064516129032256,-0.05969195407679521,0.12812159853042573,-0.3865904794192169
-1.612903225806452,8.709677419354843,-0.05459787549949525,0.14714598290484904,-0.4340703852253306
-1.612903225806452,9.35483870967742,-0.04848126927018528,0.16942201194927342,-0.4810095234092426
0.32258064516129,9.35483870967742,-0.04104338601447406,0.1232056979831017,-0.37771859777759287
0.32258064516129,8.709677419354836,-0.04601521338096911,0.10627100712943012,-0.3313587296035188
0.32258064516129,8.064516129032258,-0.05023716056528369,0.09152082783638477,-0.28348145471095454
0.32258064516129,7.419354838709679,-0.05234496647528664,0.0792750399987174,-0.23765366106079097
0.32258064516129,6.7741935483871,-0.052331306607412045,0.06901995297988109,-0.1945131258656141
0.32258064516129,6.129032258064514,-0.050461045630809324,0.06022379528814251,-0.15502118666774672
0.32258064516129,5.483870967741936,-0.04710668437669135,0.05244657730920646,-0.11967143259136452
0.32258064516129,4.838709677419355,-0.042448776937954756,0.04507713495161706,-0.09033251054623313
0.32258064516129,4.193548387096775,-0.03696567972648,0.03801743664627284,-0.06627292363791812
0.32258064516129,3.5483870967741926,-0.030663917973086097,0.030720029028162003,-0.050896218139107385
0.32258064516129,2.9032258064516134,-0.02478363631644979,0.024975249326807704,-0.023832133098973647
0.32258064516129,2.258064516129032,-0.01847341962249051,0.018537151253750377,-0.007816226864732852
0.32258064516129,1.612903225806452,-0.012143525912599444,0.0121650104160321,0.0069198759824275645
0.32258064516129,0.967741935483872,-0.005771477325552197,0.0058287991747387686,0.02118998025487247
0.32258064516129,0.32258064516129,6.64181383358767e-05,6.641813833552501e-05,-2.4559058490562317e-15
-7.419354838709679,8.064516129032256,-0.1431491193994615,0.16546585492300755,-0.6087237759181297
-7.419354838709679,8.709677419354843,-0.13499388396385595,0.18816175672332372,-0.7563926205979961
-7.419354838709679,9.35483870967742,-0.12551034583649742,0.21355169556640607,-0.8288609329226841
-6.129032258064514,6.774193548387098,-0.12052409467491747,0.13603112361194072,-0.4665948503582348
-6.129032258064514,7.419354838709679,-0.1168232658391381,0.15344850533883,-0.596804874223336
-6.129032258064514,8.064516129032256,-0.11113216141960687,0.17360137255177158,-0.6690435205233842
-6.129032258064514,8.709677419354843,-0.10372203691046611,0.19672446785084186,-0.7270316134824515
-6.129032258064514,9.35483870967742,-0.09516793074863088,0.22303454376801907,-0.7758508134617398
-4.193548387096775,4.838709677419354,-0.08597640089153077,0.0926660645212241,-0.2622247338940592
-4.193548387096775,5.483870967741936,-0.08838225190307522,0.10322508157090318,-0.34630838224956667
-4.193548387096775,6.129032258064514,-0.08902605384672721,0.11540570488157455,-0.40703312667233005
-4.193548387096775,6.774193548387098,-0.08791358290947424,0.12971292612263252,-0.4603848623182147
-4.193548387096775,7.419354838709679,-0.08491731239474065,0.146636326267018,-0.5106896183839271
-4.193548387096775,8.064516129032256,-0.08001768513167913,0.16628806717808756,-0.560969827691166
-4.193548387096775,8.709677419354843,-0.07356605090653433,0.18908002164840568,-0.6096482728163745
-4.193548387096775,9.35483870967742,-0.06611097083752111,0.21513420155951338,-0.6556845763055243
7.419354838709679,9.35483870967742,-0.018068113232198015,0.01840248570694402,-0.016651861542376262
7.419354838709679,8.709677419354836,-0.012081250288957984,0.012142701451691803,-0.006675451921692858
7.419354838709679,8.064516129032258,-0.005803516284775499,0.005812671280354674,-0.0005842325108830417
7.419354838709679,7.419354838709679,3.2950067147548277e-06,3.295006714208274e-06,-1.808160103126492e-16
7.419354838709679,6.7741935483871,0.005814405567136827,-0.005805247256380928,0.00039773485564356
7.419354838709679,6.129032258064514,0.012164423942837378,-0.01211493897872192,0.00628699653283881
7.419354838709679,5.483870967741936,0.018512204100943192,-0.018269274773228386,0.01601177177632659
7.419354838709679,4.838709677419355,0.02489653895170058,-0.024169206297398695,0.029470482100656885
7.419354838709679,4.193548387096775,0.031397660186760046,-0.02973964313660855,0.04666176394600444
7.419354838709679,3.5483870967741926,0.03812135016007901,-0.03491279760209064,0.06758075463138277
7.419354838709679,2.9032258064516134,0.045187592001090224,-0.03963720828723276,0.09219760180877422
7.419354838709679,2.258064516129032,0.05271506819537399,-0.04388965316752252,0.1204417688719362
7.419354838709679,1.612903225806452,0.06080389326215822,-0.04768582899601389,0.15218785716898867
7.419354838709679,0.967741935483872,0.06951657043905891,-0.05108757713512577,0.1872466855394804
7.419354838709679,0.32258064516129,0.07828292924342642,-0.05396724120269091,0.2305930543394525
7.419354838709679,-0.32258064516129,0.08828229515285796,-0.056783030608514876,0.27262465133395664
7.419354838709679,-0.96774193548387,0.09913414149180631,-0.0601342220354337,0.3102602824945649
7.419354838709679,-1.612903225806452,0.10953019443680993,-0.06355201789318732,0.3551640189674455
7.419354838709679,-2.258064516129032,0.11982243444812335,-0.06736304328432834,0.4027174220415552
7.419354838709679,-2.903225806451613,0.1295507074885318,-0.0719050283903834,0.4521900851425934
7.419354838709679,-3.5483870967741926,0.1382769586225671,-0.07742482663304541,0.5036411791395708
7.419354838709679,-4.193548387096775,0.1455508723004175,-0.0841649983892563,0.557635310901301
7.419354838709679,-4.838709677419354,0.1510094292467328,-0.09238327948688461,0.6147572496523991
7.419354838709679,-5.483870967741936,0.1542908794805478,-0.1024544087423344,0.67636503297311
7.419354838709679,-6.129032258064514,0.15509379571459572,-0.1145782708824234,0.7503716995948141
7.419354838709679,-6.774193548387098,0.1533963596320899,-0.12900697727079494,0.8700678780662174
-0.967741935483872,1.612903225806452,-0.024925259753673566,0.024966091356939727,0.010885966734619357
-0.967741935483872,2.258064516129032,-0.03121677789302515,0.031494972671390106,-0.027467076973832105
-0.967741935483872,2.903225806451613,-0.03728020589507566,0.038129697016309534,-0.056184239174831396
-0.967741935483872,3.5483870967741926,-0.04316486553452693,0.04504695535393374,-0.08240518752089217
-0.967741935483872,4.193548387096775,-0.048523221469735325,0.05229309806347116,-0.1115345634832239
-0.967741935483872,4.838709677419354,-0.053160582154467215,0.060043626098050626,-0.14353928107389327
-0.967741935483872,5.483870967741936,-0.0569744951734112,0.06856122468249487,-0.17734441392865966
-0.967741935483872,6.129032258064514,-0.0594738627561602,0.07804652556253505,-0.21478626749324858
-0.967741935483872,6.774193548387098,-0.06042021672968104,0.08887476534387691,-0.25522792263426924
-0.967741935483872,7.419354838709679,-0.059575091374024454,0.10146180702700532,-0.2983281139410082
-0.967741935483872,8.064516129032256,-0.0568063549875401,0.11628160274743848,-0.3436333226571042
-0.967741935483872,8.709677419354843,-0.052205296787480024,0.13383011780351434,-0.3903914474435594
-0.967741935483872,9.35483870967742,-0.04636922870897892,0.15449380455946152,-0.43715942436132027
-0.32258064516129,0.96774193548387,-0.012126356738140125,0.012149953340094203,0.0359319945204948
-0.32258064516129,1.612903225806452,-0.018510781599349387,0.018551128482065853,0.0034786739122858548
-0.32258064516129,2.258064516129032,-0.024840264444573535,0.0249941780555966,-0.017837263686234603
-0.32258064516129,2.903225806451613,-0.031068010273757305,0.03154631788455585,-0.03839810845677063
-0.32258064516129,3.5483870967741926,-0.036903104649214084,0.037770582393881494,-0.06808433888803143
-0.32258064516129,4.193548387096775,-0.042627435215222526,0.04515953615706983,-0.08805167890963264
-0.32258064516129,4.838709677419354,-0.04772322044340124,0.05267350427124864,-0.11439801311094303
-0.32258064516129,5.483870967741936,-0.051805214402345014,0.060555881830282085,-0.1464108273191761
-0.32258064516129,6.129032258064514,-0.054645295190191415,0.06912091374837427,-0.1835117800417883
-0.32258064516129,6.774193548387098,-0.0560995108093091,0.07891297607160817,-0.22357808626591164
-0.32258064516129,7.419354838709679,-0.0560184222775431,0.0904762961188046,-0.2644031815716739
-0.32258064516129,8.064516129032256,-0.054034529623955156,0.10407650671966331,-0.3071176179708903
-0.32258064516129,8.709677419354843,-0.05007904862123461,0.12015734729283681,-0.35222749964452016
-0.32258064516129,9.35483870967742,-0.04452538504990298,0.13924600846882793,-0.3988726396591977
-6.7741935483871,7.419354838709679,-0.13185768531672692,0.15071898966506775,-0.5375437175426427
-6.7741935483871,8.064516129032256,-0.125870453611337,0.17082145097128884,-0.6785780878994022
-6.7741935483871,8.709677419354843,-0.11815987042626884,0.19371691310557146,-0.7518163505565199
-6.7741935483871,9.35483870967742,-0.10910650819583619,0.21960613219276953,-0.8077646239422417
-8.709677419354836,9.35483870967742,-0.16586071592410312,0.19495623073881815,-0.7424784305215808
-2.9032258064516134,3.5483870967741926,-0.06222786837945802,0.06477288962934079,-0.13427770845839787
-2.9032258064516134,4.193548387096775,-0.06702063121768347,0.07265094707906648,-0.19622778324660178
-2.9032258064516134,4.838709677419354,-0.07103285038807429,0.08148622952715803,-0.23992564822114926
-2.9032258064516134,5.483870967741936,-0.07378999141074044,0.09141630740311589,-0.2840334093300653
-2.9032258064516134,6.129032258064514,-0.07490856515631542,0.10279833846455991,-0.3307017252215345
-2.9032258064516134,6.774193548387098,-0.07440651638506021,0.11610260087524378,-0.3772412971709583
-2.9032258064516134,7.419354838709679,-0.07195782119672109,0.1316679883377575,-0.4254638440787454
-2.9032258064516134,8.064516129032256,-0.06765632115548176,0.14997519433529977,-0.47414320529031334
-2.9032258064516134,8.709677419354843,-0.06179614609977953,0.1713684290287568,-0.5222943234445293
-2.9032258064516134,9.35483870967742,-0.05499619579705268,0.1960741282604945,-0.568750133084108
-3.5483870967741926,4.193548387096775,-0.07420130716480929,0.07859651089497491,-0.1965036425691369
-3.5483870967741926,4.838709677419354,-0.07796625040618688,0.08760473136597392,-0.2688294986731337
-3.5483870967741926,5.483870967741936,-0.08049342922419304,0.09783677342128573,-0.3208870278155099
-3.5483870967741926,6.129032258064514,-0.08148421541572884,0.10975825705970776,-0.36940958676941565
-3.5483870967741926,6.774193548387098,-0.0806184546407614,0.123649552529501,-0.4186346188965239
-3.5483870967741926,7.419354838709679,-0.07781434876926527,0.13994829310941118,-0.4684140222121239
-3.5483870967741926,8.064516129032256,-0.07317152722841931,0.15905178419993077,-0.5179345519794721
-3.5483870967741926,8.709677419354843,-0.06700533562343886,0.18127201918616923,-0.5662824096798502
-3.5483870967741926,9.35483870967742,-0.059870622941067576,0.2067892038481178,-0.6124555989192892
5.483870967741936,9.35483870967742,-0.032857977038697424,0.03769191153186928,-0.07014204758199392
5.483870967741936,8.709677419354836,-0.029006280678501757,0.03120190108532095,-0.04775874491006153
5.483870967741936,8.064516129032258,-0.023995985260437988,0.024840730324415243,-0.029848926601579815
5.483870967741936,7.419354838709679,-0.018267071291424433,0.018513621242625063,-0.016020755968194657
5.483870967741936,6.7741935483871,-0.012129529598710918,0.012173213127020561,-0.0060340191817059114
5.483870967741936,6.129032258064514,-0.005807984225873596,0.005817494357687192,9.851302402816269e-05
5.483870967741936,5.483870967741936,4.308182262542532e-06,4.308182262084565e-06,-2.2152418788223827e-16
5.483870967741936,4.838709677419355,0.005818869806819711,-0.005808923960210181,-0.00043901038637208167
5.483870967741936,4.193548387096775,0.012186353906305665,-0.012154181044970588,0.0053310069930405475
5.483870967741936,3.5483870967741926,0.01857900065674,-0.01842202146768599,0.014927997481586823
5.483870967741936,2.9032258064516134,0.025021232814683617,-0.02455864980476082,0.028182185649204057
5.483870967741936,2.258064516129032,0.031559187685396416,-0.030535744566140107,0.045066919193068794
5.483870967741936,1.612903225806452,0.03824673073865744,-0.03633459979616545,0.06555750775573524
5.483870967741936,0.967741935483872,0.045132996383158284,-0.041950993290424496,0.08962301300898554
5.483870967741936,0.32258064516129,0.05221979483648138,-0.04746560029912154,0.11745235605301531
5.483870967741936,-0.32258064516129,0.05943637678333221,-0.052679988708979976,0.14958651290630917
5.483870967741936,-0.96774193548387,0.06710101076972898,-0.0580249363739077,0.18303282048317993
5.483870967741936,-1.612903225806452,0.07466695435091703,-0.06338916738905534,0.22125597057446086
5.483870967741936,-2.258064516129032,0.08215010491999052,-0.06908938961648822,0.2622311609194139
5.483870967741936,-2.903225806451613,0.08928413797931363,-0.07521015138685662,0.30749164633721277
5.483870967741936,-3.5483870967741926,0.09573825870366763,-0.08197598380238075,0.3580164373967658
5.483870967741936,-4.193548387096775,0.10132272816035857,-0.08972361406730747,0.41575341588122766
5.483870967741936,-4.838709677419354,0.10550666357343,-0.09878900428596804,0.4953561296522238
2.903225806451613,9.35483870967742,-0.040705080073042174,0.07125368556679917,-0.19967922196751386
2.903225806451613,8.709677419354836,-0.04240884936484965,0.061449991119226374,-0.15976428184716743
2.903225806451613,8.064516129032258,-0.04185029337734599,0.052941817785324856,-0.12426258732860568
2.903225806451613,7.419354838709679,-0.039306742694648795,0.04532496871793814,-0.09366398240284347
2.903225806451613,6.7741935483871,-0.03528444258419656,0.0382736533869584,-0.06766671606763394
2.903225806451613,6.129032258064514,-0.030242084119625413,0.03156007598132935,-0.04594943419694684
2.903225806451613,5.483870967741936,-0.024544988755637143,0.025031533016219912,-0.028246418465111462
2.903225806451613,4.838709677419355,-0.018460457463754545,0.01859274404189429,-0.014353966412682218
2.903225806451613,4.193548387096775,-0.012171697780136671,0.01219326565467644,-0.004131113012715145
2.903225806451613,3.5483870967741926,-0.005809127816261213,0.005822660838337575,0.0022716685509350408
2.903225806451613,2.9032258064516134,7.737265403365279e-06,7.737265402888808e-06,-2.9085530280544464e-16
2.903225806451613,2.258064516129032,0.005824049551343999,-0.0058076309643874295,-0.0034889092766838678
2.903225806451613,1.612903225806452,0.012191606604815133,-0.012178118320434476,0.0016139683955690835
2.903225806451613,0.967741935483872,0.0185855253880047,-0.01852865320401163,0.010590427120681093
2.903225806451613,0.32258064516129,0.024964469933918768,-0.024793579505369874,0.023768775990240812
2.903225806451613,-0.32258064516129,0.031424929497268356,-0.031187215863447564,0.038753515860621
2.903225806451613,-0.96774193548387,0.03785889765755286,-0.03755839865296114,0.05722812867462183
2.903225806451613,-1.612903225806452,0.04423727890565545,-0.04404086621140743,0.07749572545012666
2.903225806451613,-2.258064516129032,0.05044769916389342,-0.0507345071472542,0.09452520406738026
6.774193548387098,9.35483870967742,-0.02364663249502568,0.024674206896881653,-0.030369795362480072
6.774193548387098,8.709677419354836,-0.018139514304371884,0.018444461968219802,-0.01647009759883422
6.774193548387098,8.064516129032258,-0.012098800286523954,0.012154275956034336,-0.006497533340879536
6.774193548387098,7.419354838709679,-0.005805247256334004,0.005814405567132196,-0.00039773485719977574
6.774193548387098,6.7741935483871,3.5691362437381923e-06,3.5691362434861945e-06,-1.8758143186895875e-16
6.774193548387098,6.129032258064514,0.005816010739376822,-0.00580674570607159,0.00017425438311297086
6.774193548387098,5.483870967741936,0.01217318510240569,-0.012129564824510209,0.006033863841739525
6.774193548387098,4.838709677419355,0.018539384974582403,-0.018325326620757944,0.01572404490965258
6.774193548387098,4.193548387096775,0.024949627659747915,-0.024311186452876523,0.029121483699888696
6.774193548387098,3.5483870967741926,0.03147375324398948,-0.030029103195768035,0.04621296219670585
6.774193548387098,2.9032258064516134,0.038200837826008895,-0.0354290599154651,0.06698265142937766
6.774193548387098,2.258064516129032,0.0452272614914091,-0.040476494202866586,0.09139427064315651
6.774193548387098,1.612903225806452,0.052641272512215516,-0.04516256471616991,0.11937947589910415
6.774193548387098,0.967741935483872,0.06050658225195848,-0.049513124049583496,0.15082817501200463
6.774193548387098,0.32258064516129,0.06837569713995324,-0.053389123626338804,0.18937855759643937
6.774193548387098,-0.32258064516129,0.07709828116732063,-0.057127612542872235,0.22912693368779297
6.774193548387098,-0.96774193548387,0.08677633393855819,-0.06135978995436478,0.2647256422860879
6.774193548387098,-1.612903225806452,0.09599334650228465,-0.06551305490478754,0.3076867026841136
6.774193548387098,-2.258064516129032,0.10513526023303672,-0.06998149287797721,0.3537289507676986
6.774193548387098,-2.903225806451613,0.11382682327387399,-0.07506569836195925,0.40234417773119746
6.774193548387098,-3.5483870967741926,0.12167859214126168,-0.08099683355731727,0.45400707036403726
6.774193548387098,-4.193548387096775,0.12828085759430646,-0.08803486809323502,0.5094887321277674
6.774193548387098,-4.838709677419354,0.13331032010472563,-0.09661163884968862,0.568567629418503
6.774193548387098,-5.483870967741936,0.13627973567307955,-0.10691883040692127,0.6386568269566676
6.774193548387098,-6.129032258064514,0.13704831317164684,-0.11920879171283483,0.7480552830072024
-8.064516129032258,8.709677419354843,-0.1544593947644028,0.18022821473630496,-0.677833564465837
-8.064516129032258,9.35483870967742,-0.14434270414792602,0.2052756350243335,-0.8289021512762675
-2.258064516129032,2.903225806451613,-0.0500266442941056,0.05119666574628839,-0.07857647750232921
-2.258064516129032,3.5483870967741926,-0.05555671078476947,0.05841433399820358,-0.1296253904808552
-2.258064516129032,4.193548387096775,-0.06060408709466101,0.06619733334241804,-0.16751446324980332
-2.258064516129032,4.838709677419354,-0.06474799539170759,0.07467135271325002,-0.20669083505387623
-2.258064516129032,5.483870967741936,-0.06767441748102992,0.08414307416365299,-0.24830480933558308
-2.258064516129032,6.129032258064514,-0.06929143172088814,0.09497484992554649,-0.29060927395098374
-2.258064516129032,6.774193548387098,-0.06914465892856976,0.10750938483320395,-0.33564306159564966
-2.258064516129032,7.419354838709679,-0.06712409652947535,0.12220469859263071,-0.3824172990078851
-2.258064516129032,8.064516129032256,-0.0632374621551924,0.1395068985111593,-0.43021389956887107
-2.258064516129032,8.709677419354843,-0.05772562949029534,0.15982835890396335,-0.4781360719521447
-2.258064516129032,9.35483870967742,-0.0513837047842185,0.18349029783999,-0.5250520775539996
