-4.838709677419355,-9.35483870967742,0.0359788701302449,-0.044964486402107325,-3.0407849835488374
-4.838709677419355,-8.709677419354836,0.03334717027976641,-0.03800664843979947,-3.0674929359269694
-4.838709677419355,-8.064516129032258,0.02919388800066115,-0.03138199396254908,-3.0893730698345303
-4.838709677419355,-7.419354838709679,0.024027785297783672,-0.024925986748185854,-3.1068654122055195
-4.838709677419355,-6.7741935483871,0.018238410253382607,-0.01853978013788726,-3.1203116494366467
-4.838709677419355,-6.129032258064514,0.012099176809103442,-0.012172856819036449,-3.1299273228974465
-4.838709677419355,-5.483870967741936,0.0057998003598132815,-0.005815834097400435,-3.1359336893726826
-4.838709677419355,-4.838709677419355,-3.827763916440172e-06,-3.827763916420627e-06,-1.7763568394002506e-16
-4.838709677419355,-4.193548387096775,-0.005818075199512038,0.005801337919163639,3.1354962711677947
-4.838709677419355,-3.5483870967741926,-0.012191196068156293,0.012129263998626976,3.1290260585129444
-4.838709677419355,-2.9032258064516134,-0.0186080512842677,0.018397158498112375,3.1190175922934142
-4.838709677419355,-2.258064516129032,-0.02508495415869452,0.024568669708740578,3.105352614120655
-4.838709677419355,-1.612903225806452,-0.03165304112973119,0.030628686765590274,3.088044754372168
-4.838709677419355,-0.967741935483872,-0.038345179478550775,0.03657292695827124,3.0671044942171113
-4.838709677419355,-0.32258064516129,-0.045179913127556225,0.04242052913598205,3.042543309358885
-4.838709677419355,0.32258064516129,-0.052164039212543055,0.048185252808962784,3.0142974683578974
-4.838709677419355,0.96774193548387,-0.05925660385559068,0.0539411604925489,2.9823475708013296
-4.838709677419355,1.612903225806452,-0.06636482787417476,0.05979027755880278,2.9464842879759825
-4.838709677419355,2.258064516129032,-0.0733489220794232,0.06586273712054819,2.90624554808785
-4.838709677419355,2.903225806451613,-0.0800069017562615,0.0723320097346089,2.8603880493153517
-4.838709677419355,3.5483870967741926,-0.08608065250668356,0.07941137098465999,2.8049656863912578
-4.838709677419355,4.193548387096775,-0.0912673849583979,0.08735383311423711,2.720813868387759
-4.838709677419355,4.838709677419354,-0.09523898132351137,0.09645043857131169,1.545949338498304
-4.838709677419355,5.483870967741936,-0.09760521114260858,0.10696743908141305,-0.32894853656048983
-4.838709677419355,6.129032258064514,-0.0982511233813718,0.11946656894130919,-0.42841484260183854
-4.838709677419355,6.774193548387098,-0.09690012186519645,0.13406942430448787,-0.49386876814093744
-4.838709677419355,7.419354838709679,-0.09347089975776077,0.151192583277338,-0.5520457008441625
-4.838709677419355,8.064516129032256,-0.08841152440830245,0.17133055775936085,-0.6025308345469512
-4.838709677419355,8.709677419354843,-0.08171404952229437,0.1944170325871605,-0.6516946740237011
-4.838709677419355,9.35483870967742,-0.07392505628431355,0.22073968080035836,-0.6978648266074894
8.064516129032256,9.35483870967742,-0.012062267837426708,0.012129735282700697,-0.006828195204563348
8.064516129032256,8.709677419354836,-0.005801573357692379,0.005810804156885074,-0.0007422698425025526
8.064516129032256,8.064516129032258,3.064114019690062e-06,3.064114019070303e-06,-1.6503002668126026e-16
8.064516129032256,7.419354838709679,0.005812671280366316,-0.005803516284833592,0.0005842325091532241
8.064516129032256,6.7741935483871,0.012154249693112665,-0.012098838667314276,0.006497363992983032
8.064516129032256,6.129032258064514,0.01848014201129092,-0.01820817551200793,0.016253175942045187
8.064516129032256,5.483870967741936,0.024831844668846796,-0.024015052057729143,0.029771843304195446
8.064516129032256,4.838709677419355,0.03129888506138167,-0.02942574711760929,0.04706699100355689
8.064516129032256,4.193548387096775,0.038003067944612716,-0.03435323810048911,0.0681483033584382
8.064516129032256,3.5483870967741926,0.045087938240549394,-0.03872812565263733,0.09299634733094193
8.064516129032256,2.9032258064516134,0.05270348465347783,-0.042512722951095414,0.12154232625863577
8.064516129032256,2.258064516129032,0.06098814276166613,-0.045714163733761796,0.15364842436427623
8.064516129032256,1.612903225806452,0.07004760067842727,-0.048393553592197665,0.18909380320830765
8.064516129032256,0.967741935483872,0.07993108330206573,-0.05066819154683685,0.22757381115084344
8.064516129032256,0.32258064516129,0.0900932539535814,-0.05249209933600748,0.27408874984708664
8.064516129032256,-0.32258064516129,0.10158739117886269,-0.054319966999711866,0.3183603129854536
8.064516129032256,-0.96774193548387,0.11383830602723585,-0.056767064407011285,0.35816251266366933
8.064516129032256,-1.612903225806452,0.12565224836502947,-0.05948986031462107,0.4043729093406893
8.064516129032256,-2.258064516129032,0.1372760541693341,-0.06271475906266569,0.4526981889691088
8.064516129032256,-2.903225806451613,0.14816442399235133,-0.06678711973693673,0.5023517868402674
8.064516129032256,-3.5483870967741926,0.1578377215033831,-0.07193040206279594,0.5533405111248241
8.064516129032256,-4.193548387096775,0.1658271529287151,-0.07836993675569674,0.6059566604121844
8.064516129032256,-4.838709677419354,0.17171174906562883,-0.08635511627789262,0.660585223963269
8.064516129032256,-5.483870967741936,0.1751836882281278,-0.09616638453375573,0.7177156648870892
8.064516129032256,-6.129032258064514,0.17607845509625086,-0.107997388464269,0.7808488936727929
8.064516129032256,-6.774193548387098,0.17420388055585173,-0.1221817409535786,0.8569048349943593
8.064516129032256,-7.419354838709679,0.16972907487508385,-0.13890423990454798,0.9840366521926112
8.064516129032256,-8.064516129032256,0.1630618637861171,-0.15827362173389742,1.0770058003458167
8.064516129032256,-8.709677419354843,0.1543615180365675,-0.18051678121945253,-2.45448246437234
8.064516129032256,-9.35483870967742,0.14427877012196777,-0.20543394710829907,-2.30751751033982
1.612903225806452,9.35483870967742,-0.04085830712038112,0.09499541120532153,-0.2831918153715377
1.612903225806452,8.709677419354836,-0.04486071942416824,0.08184951983289686,-0.23804016701501396
1.612903225806452,8.064516129032258,-0.0469852068376917,0.07070286253365808,-0.1948962224438898
1.612903225806452,7.419354838709679,-0.046815304661782256,0.061211663565778916,-0.15607689891408286
1.612903225806452,6.7741935483871,-0.0446736145908622,0.052886538651840835,-0.12176380485478736
1.612903225806452,6.129032258064514,-0.04099892220221283,0.04534939483725675,-0.09186245273343133
1.612903225806452,5.483870967741936,-0.036222383865589326,0.03832054509688189,-0.06617376464822976
1.612903225806452,4.838709677419355,-0.030709052851330652,0.031600836225884193,-0.044492042769381894
1.612903225806452,4.193548387096775,-0.024740735067196422,0.025054660780554145,-0.026628884374682492
1.612903225806452,3.5483870967741926,-0.018519541522464482,0.018599136325376978,-0.012395157460580779
1.612903225806452,2.9032258064516134,-0.01217808965933334,0.012191636095853223,-0.0016140319747632382
1.612903225806452,2.258064516129032,-0.005804269359207363,0.005825765643553665,0.005509552287895807
1.612903225806452,1.612903225806452,1.3551820680802324e-05,1.3551820680446358e-05,-5.450501161519128e-16
1.612903225806452,0.967741935483872,0.005828055372627631,-0.005796316378031883,-0.009515222358229873
1.612903225806452,0.32258064516129,0.012164981484287074,-0.012143552421583725,-0.006919803339413116
1.612903225806452,-0.32258064516129,0.018546081852083843,-0.018515529980091604,-0.0034389715730732268
1.612903225806452,-0.96774193548387,0.024928586445656927,-0.02496172280762349,-0.010333794138816188
1.612903225806452,-1.612903225806452,0.03125828921071366,-0.0314725994309276,-1.4732885342323239
1.612903225806452,-2.258064516129032,0.037509085405012625,-0.038122366549108326,-3.031537959964237
1.612903225806452,-2.903225806451613,0.04352019219633894,-0.04495523324365885,-3.0294699273908803
1.612903225806452,-3.5483870967741926,0.04917188567238403,-0.05206440864389538,-3.0104100900178112
1.612903225806452,-4.193548387096775,0.05428645072941744,-0.0596139253537682,-2.98433011826073
1.612903225806452,-4.838709677419354,0.0586329187807667,-0.06779312837596961,-2.9535008427855605
1.612903225806452,-5.483870967741936,0.06193929319429255,-0.07684440852251377,-2.91876155515521
1.612903225806452,-6.129032258064514,0.06391296910003932,-0.0870714312086929,-2.880575425594289
1.612903225806452,-6.774193548387098,0.06427572313426667,-0.09884277803630409,-2.839340659634493
1.612903225806452,-7.419354838709679,0.06281796802047385,-0.11258695074934133,-2.795537417022676
1.612903225806452,-8.064516129032256,0.059473889400904964,-0.12877099602912714,-2.7498290948253534
1.612903225806452,-8.709677419354843,0.05442514962176083,-0.14785298884792356,-2.703140984195397
1.612903225806452,-9.35483870967742,0.04837316488026474,-0.17019600879425528,-2.656780635275877
4.838709677419354,9.35483870967742,-0.03618935868682694,0.0447948125326394,-0.0964680224847077
4.838709677419354,8.709677419354836,-0.03353722288918788,0.03790188454081269,-0.0695246937299229
4.838709677419354,8.064516129032258,-0.029353692720299942,0.03132683986467574,-0.04736256427335793
4.838709677419354,7.419354838709679,-0.024151725844238935,0.024906002618714874,-0.02954403610477712
4.838709677419354,6.7741935483871,-0.018323256896673364,0.018540849294843016,-0.01573265172615481
4.838709677419354,6.129032258064514,-0.01214263733704366,0.012180537677641812,-0.005723019378986303
4.838709677419354,5.483870967741936,-0.005808923960189677,0.00581886980682658,0.0004390103855613391
4.838709677419354,4.838709677419355,4.823999148384148e-06,4.82399914782892e-06,-1.9492509458392721e-16
4.838709677419354,4.193548387096775,0.005820159682045883,-0.005809505835016384,-0.0008761899502884117
4.838709677419354,3.5483870967741926,0.012190644628502523,-0.01216395582989129,0.0048213820021380934
4.838709677419354,2.9032258064516134,0.018591205541895993,-0.018462210628066588,0.014346479639684735
4.838709677419354,2.258064516129032,0.025039389066669818,-0.024663300959994163,0.027502602205975942
4.838709677419354,1.612903225806452,0.031568125963253445,-0.03075142151452216,0.04426455638179153
4.838709677419354,0.967741935483872,0.038212354193187116,-0.036720119510775896,0.06462205586408792
4.838709677419354,0.32258064516129,0.04494603864339461,-0.042631432285497796,0.08914352577752659
4.838709677419354,-0.32258064516129,0.051869290007167716,-0.048375109703923204,0.11682859917143773
4.838709677419354,-0.96774193548387,0.05893056259815173,-0.05405304351172753,0.14782147971863793
4.838709677419354,-1.612903225806452,0.0660237059732953,-0.06001586466276758,0.1814149530735864
4.838709677419354,-2.258064516129032,0.07296631957323371,-0.06607927581405605,0.22003885893091127
4.838709677419354,-2.903225806451613,0.07952164700311469,-0.07259346920641928,0.2631918728350705
4.838709677419354,-3.5483870967741926,0.0856205554035137,-0.07960757546758154,0.3132476251688916
4.838709677419354,-4.193548387096775,0.09074678462065142,-0.08764269598038679,0.37773105520727296
4.838709677419354,-4.838709677419354,0.09482817452656635,-0.09682495162789774,0.8325343577703035
4.838709677419354,-5.483870967741936,0.09726816457746734,-0.10749076730984458,-2.7700899337529843
4.838709677419354,-6.129032258064514,0.0979392623902326,-0.11993868788161816,-2.693972703037195
4.838709677419354,-6.774193548387098,0.09665009783658457,-0.13458132899712563,-2.636726662179797
4.838709677419354,-7.419354838709679,0.09336337971834198,-0.15177630384479243,-2.583795426918836
4.838709677419354,-8.064516129032256,0.08821634463451843,-0.1718292933424755,-2.533301417944718
4.838709677419354,-8.709677419354843,0.08152787774207272,-0.19496430415518012,-2.4852315057503045
4.838709677419354,-9.35483870967742,0.07378656113435714,-0.22129544431520037,-2.440066453793457
0.96774193548387,9.35483870967742,-0.04092044763141067,0.10872007764702113,-0.32719793015216514
0.96774193548387,8.709677419354836,-0.045614910982248874,0.09371619388680089,-0.280919836549644
0.96774193548387,8.064516129032258,-0.048877240632733875,0.08090634963137829,-0.23500106407358118
0.96774193548387,7.419354838709679,-0.04987927777568187,0.07014642013285757,-0.19267273726243855
0.96774193548387,6.7741935483871,-0.0487709268469086,0.060900264140769315,-0.15448406787888935
0.96774193548387,6.129032258064514,-0.045916632591645724,0.05272281750528288,-0.12057255780840433
0.96774193548387,5.483870967741936,-0.04173677170373335,0.04527003006145449,-0.09086174778863786
0.96774193548387,4.838709677419355,-0.0366223172243175,0.038284732743078566,-0.06519827282596548
0.96774193548387,4.193548387096775,-0.030895609525291003,0.03158276339660309,-0.0434170409589499
0.96774193548387,3.5483870967741926,-0.024803982998364046,0.025040357536498727,-0.025318667378094087
0.96774193548387,2.9032258064516134,-0.018527183598612343,0.018587058960256128,-0.01059487169892431
0.96774193548387,2.258064516129032,-0.012170918198542425,0.012184262843409198,0.0010532900782093382
0.96774193548387,1.612903225806452,-0.005796316378069331,0.005828055372605154,0.009515222366166332
0.96774193548387,0.967741935483872,2.2278502509522995e-05,2.2278502509224623e-05,-7.7021722333370235e-16
0.96774193548387,0.32258064516129,0.005828799174808171,-0.005771477325408745,-0.021189980223888183
0.96774193548387,-0.32258064516129,0.012149869084227537,-0.01212642996207173,-0.03592839393327966
0.96774193548387,-0.96774193548387,0.018483914053414496,-0.01852401045968027,-1.552793815561642
0.96774193548387,-1.612903225806452,0.02489826966138638,-0.025055901749753685,-3.064678814141091
0.96774193548387,-2.258064516129032,0.03118207410439909,-0.03162124835559498,-3.070440497612869
0.96774193548387,-2.903225806451613,0.03727372765079991,-0.0383210162938787,-3.058374657721862
0.96774193548387,-3.5483870967741926,0.043060445916588155,-0.04525744585654435,-3.039031329235247
0.96774193548387,-4.193548387096775,0.0483811951961548,-0.052552137596869324,-3.0147116210463074
0.96774193548387,-4.838709677419354,0.05302312670568984,-0.060366461367629944,-2.9862365540480797
0.96774193548387,-5.483870967741936,0.05672723152793995,-0.0689124879970263,-2.953992895822416
0.96774193548387,-6.129032258064514,0.059202199864237894,-0.07846320262312605,-2.9182285664002356
0.96774193548387,-6.774193548387098,0.06015229280915505,-0.08936054476177976,-2.8791872404761643
0.96774193548387,-7.419354838709679,0.05932563586939112,-0.10201755989153777,-2.837204100937436
0.96774193548387,-8.064516129032256,0.05658829814373641,-0.11690687369753361,-2.7927985765008336
0.96774193548387,-8.709677419354843,0.052031864027662036,-0.13452184916622822,-2.746779940986625
0.96774193548387,-9.35483870967742,0.04625771574141494,-0.1552507885231017,-2.7005858487496472
-5.483870967741936,-9.35483870967742,0.03266143540041953,-0.03779128414499824,-3.0671988269116555
-5.483870967741936,-8.709677419354836,0.02883967688572057,-0.031250894915579856,-3.0893675274599173
-5.483870967741936,-8.064516129032258,0.023865477884407873,-0.024854512330835358,-3.107021219020153
-5.483870967741936,-7.419354838709679,0.01817625660519937,-0.018506865475486228,-3.120558594532118
-5.483870967741936,-6.7741935483871,0.012081833937484163,-0.012161494218595722,-3.1302338243959427
-5.483870967741936,-6.129032258064514,0.005797897828165098,-0.005813500614744856,-3.1362741031419734
-5.483870967741936,-5.483870967741936,-3.3122751536238347e-06,-3.3122751535641604e-06,-5.921189464667501e-17
-5.483870967741936,-4.838709677419355,-0.005815834097431962,0.005799800359863577,3.1359336893754883
-5.483870967741936,-4.193548387096775,-0.01218274651927075,0.012115031306393556,3.129537547987722
-5.483870967741936,-3.5483870967741926,-0.018589619537155606,0.018349854644292934,3.1195848166167086
-5.483870967741936,-2.9032258064516134,-0.025059945340581393,0.024455429557293913,3.1059734814289426
-5.483870967741936,-2.258064516129032,-0.03163754649148917,0.030402850425389403,3.0887200888619186
-5.483870967741936,-1.612903225806452,-0.038373704539864294,0.03617357791557263,3.0678464000324466
-5.483870967741936,-0.967741935483872,-0.045314593743532514,0.04176422603190709,3.0433776775534804
-5.483870967741936,-0.32258064516129,-0.052483825678441794,0.0471993107997531,3.0153355515364453
-5.483870967741936,0.32258064516129,-0.059808073742277035,0.052508089929506466,2.9841438099919695
-5.483870967741936,0.96774193548387,-0.06744852378383438,0.0578090775452361,2.948710036175826
-5.483870967741936,1.612903225806452,-0.07507772235991267,0.06319558178278627,2.9100568883549016
-5.483870967741936,2.258064516129032,-0.08259122280391219,0.0688400435235026,2.8676793803497556
-5.483870967741936,2.903225806451613,-0.08975316027344386,0.0749373966443032,2.8210204766666482
-5.483870967741936,3.5483870967741926,-0.09626914907120104,0.08172039594061574,2.7685611897486733
-5.483870967741936,4.193548387096775,-0.1018045413897634,0.08945573078422875,2.7054451247784255
-5.483870967741936,4.838709677419354,-0.10601042346172188,0.09844180719312763,2.6082500976427654
-5.483870967741936,5.483870967741936,-0.10855804791077554,0.10900397878099133,1.4079723231287453
-5.483870967741936,6.129032258064514,-0.10911404797733629,0.12143731933015539,-0.39697313715584354
-5.483870967741936,6.774193548387098,-0.10767757033158064,0.13626033216773561,-0.5127313121185904
-5.483870967741936,7.419354838709679,-0.1041630861553111,0.1535827044458847,-0.5821382505633482
-5.483870967741936,8.064516129032256,-0.09865950710933748,0.17371503437793573,-0.6410036912684997
-5.483870967741936,8.709677419354843,-0.09166618270650534,0.19705512541658823,-0.6915719065269237
-5.483870967741936,9.35483870967742,-0.0835482961698229,0.22337767388921215,-0.7381776220777816
3.5483870967741926,9.35483870967742,-0.040014434582823145,0.06134457484185436,-0.16164305249390373
3.5483870967741926,8.709677419354836,-0.040257156799685924,0.05282367612748817,-0.12565358029761695
3.5483870967741926,8.064516129032258,-0.03834743213487182,0.045217301258448916,-0.09456272091877356
3.5483870967741926,7.419354838709679,-0.03474893813136347,0.038191079064346385,-0.06830270681849959
3.5483870967741926,6.7741935483871,-0.029970975234078538,0.031505380500976225,-0.04647977260892578
3.5483870967741926,6.129032258064514,-0.024426246898166963,0.025001350825732797,-0.028770634378529624
3.5483870967741926,5.483870967741936,-0.018420174638868643,0.01858052492557202,-0.014935867418354383
3.5483870967741926,4.838709677419355,-0.012163924208685348,0.01219067408376057,-0.004821510837559601
3.5483870967741926,4.193548387096775,-0.005809632552896403,0.005821401854000259,0.0014582331787690523
3.5483870967741926,3.5483870967741926,6.414328430439514e-06,6.4143284300746445e-06,-2.6656917414176934e-16
3.5483870967741926,2.9032258064516134,0.005822660838332036,-0.005809127816262702,-0.002271668550330392
3.5483870967741926,2.258064516129032,0.012193816205660181,-0.012176925619776117,0.0031429207485074934
3.5483870967741926,1.612903225806452,0.018597597509945243,-0.01852111609837557,0.012389110656466912
3.5483870967741926,0.967741935483872,0.025030027233856753,-0.02481457390524752,0.025270241928349833
3.5483870967741926,0.32258064516129,0.030686057121890275,-0.03069839981965037,0.0506903837589577
3.5483870967741926,-0.32258064516129,0.037490572274719476,-0.037170007491239006,0.06903948511381687
3.5483870967741926,-0.96774193548387,0.044547734182564795,-0.04361553391464404,0.08468629094700073
3.5483870967741926,-1.612903225806452,0.05104727155049747,-0.05004010575048535,0.1102440781904762
3.5483870967741926,-2.258064516129032,0.057324445650251805,-0.05654514984373956,0.14229372483827435
3.5483870967741926,-2.903225806451613,0.06341181097444962,-0.06345268251783978,0.17432380847719894
3.5483870967741926,-3.5483870967741926,0.06905649356100244,-0.07091774968168148,-0.505595654640331
3.5483870967741926,-4.193548387096775,0.07391805122105856,-0.07904330607919349,-2.8856182429789072
3.5483870967741926,-4.838709677419354,0.07775363678621788,-0.08807561092865998,-2.8479038488493456
3.5483870967741926,-5.483870967741936,0.08027464850792305,-0.09836790600125543,-2.8056931313563753
3.5483870967741926,-6.129032258064514,0.08120081543591609,-0.11028039724265103,-2.7607815221530445
3.5483870967741926,-6.774193548387098,0.08031945965969008,-0.12420401864525268,-2.7140300477782824
3.5483870967741926,-7.419354838709679,0.07753908042721,-0.14054292348390338,-2.6662069701768716
3.5483870967741926,-8.064516129032256,0.0729421745052303,-0.15967901349277275,-2.6181735930765178
3.5483870967741926,-8.709677419354843,0.06682874137319114,-0.18192395972804623,-2.5709190915007145
3.5483870967741926,-9.35483870967742,0.059755287645435244,-0.20745764188987945,-2.5256074679491425
4.193548387096775,9.35483870967742,-0.038561098376663286,0.05259704922265846,-0.12706456737020455
4.193548387096775,8.709677419354836,-0.03730735102805352,0.04504196681976878,-0.09550115611348901
4.193548387096775,8.064516129032258,-0.03416720390428921,0.038067664865005256,-0.06891478316942096
4.193548387096775,7.419354838709679,-0.029674999186102398,0.03142780352000836,-0.04694212311022354
4.193548387096775,6.7741935483871,-0.024295129588981678,0.024959497387811256,-0.029191793896374527
4.193548387096775,6.129032258064514,-0.01837433245605045,0.01856317088125164,-0.01538033075004377
4.193548387096775,5.483870967741936,-0.012154148359706676,0.012186383037065086,-0.005331145694530199
4.193548387096775,4.838709677419355,-0.005809505835002905,0.0058201596820536584,0.0008761899498232061
4.193548387096775,4.193548387096775,5.497387340139733e-06,5.497387339732651e-06,-2.3337813163474644e-16
4.193548387096775,3.5483870967741926,0.005821401853992649,-0.005809632552903935,-0.0014582331787331092
4.193548387096775,2.9032258064516134,0.012193236035767318,-0.012171728405148291,0.004130997374840254
4.193548387096775,2.258064516129032,0.018597841952112847,-0.018496037273634806,0.01354875603943759
4.193548387096775,1.612903225806452,0.025044310254614354,-0.024752395840050786,0.026572660857173545
4.193548387096775,0.967741935483872,0.0315502337136735,-0.030933500874149714,0.04320592503515268
4.193548387096775,0.32258064516129,0.03794783019714313,-0.0370526776037959,0.06567612093502552
4.193548387096775,-0.32258064516129,0.044647130373655024,-0.04308111799490285,0.0895596568692821
4.193548387096775,-0.96774193548387,0.05152215853296626,-0.04922993826662876,0.11433903937378102
4.193548387096775,-1.612903225806452,0.05822490199755626,-0.055400746775770116,0.14526821311077534
4.193548387096775,-2.258064516129032,0.06480712210177589,-0.061853387788452306,0.17904403507264774
4.193548387096775,-2.903225806451613,0.07102102166412112,-0.06845674345637547,0.22170619997929003
4.193548387096775,-3.5483870967741926,0.07675436319175444,-0.07580863000394207,0.27100335337387355
4.193548387096775,-4.193548387096775,0.08180608463415016,-0.08399676138834682,0.04043152322409176
4.193548387096775,-4.838709677419354,0.0856581889321335,-0.09317889806699725,-2.828864076912808
4.193548387096775,-5.483870967741936,0.08809771077320883,-0.10369623522325773,-2.7730058709695737
4.193548387096775,-6.129032258064514,0.08885412995669058,-0.11594447660624413,-2.722917054834795
4.193548387096775,-6.774193548387098,0.08773274750709954,-0.13030969618866664,-2.673268571954774
4.193548387096775,-7.419354838709679,0.08467220106342284,-0.14717215705025966,-2.6237606924011154
4.193548387096775,-8.064516129032256,0.07978505532025888,-0.16687578053924806,-2.574892628377282
4.193548387096775,-8.709677419354843,0.07338302140554734,-0.1896865416507042,-2.5274426003174755
4.193548387096775,-9.35483870967742,0.06598301744351064,-0.21575094762936342,-2.4823310919746446
6.129032258064514,9.35483870967742,-0.02863200687554562,0.03105226381325922,-0.04814218928208453
6.129032258064514,8.709677419354836,-0.023827704118535315,0.02476353598385678,-0.030120842779824124
6.129032258064514,8.064516129032258,-0.018205825218332746,0.018481495466154733,-0.016262545593298504
6.129032258064514,7.419354838709679,-0.012114902256709437,0.012164451171316277,-0.006287159123340508
6.129032258064514,6.7741935483871,-0.005806745706034503,0.0058160107393774125,-0.00017425438445218584
6.129032258064514,6.129032258064514,3.900164250127703e-06,3.900164249416351e-06,-1.6503002668126026e-16
6.129032258064514,5.483870967741936,0.005817494357683013,-0.0058079842259016355,-9.851302512333395e-05
6.129032258064514,4.838709677419355,0.012180509014685722,-0.012142671217674313,0.005722872156078725
6.129032258064514,4.193548387096775,0.018561671103316347,-0.018376286054468453,0.015372056445375957
6.129032258064514,3.5483870967741926,0.02499120073339744,-0.024441049752642392,0.028703320133771578
6.129032258064514,2.9032258064516134,0.03152753773325141,-0.03029450051086662,0.04569479155831761
6.129032258064514,2.258064516129032,0.03824243866986932,-0.035903027261507674,0.0663234136662523
6.129032258064514,1.612903225806452,0.0452086692642961,-0.04124799019804429,0.09055082538170238
6.129032258064514,0.967741935483872,0.05248480196678253,-0.04633473800253714,0.11831562062190774
6.129032258064514,0.32258064516129,0.059828864940242595,-0.051099330809077956,0.1515014885702665
6.129032258064514,-0.32258064516129,0.06766887694052919,-0.05568034496368232,0.1875320485927158
6.129032258064514,-0.96774193548387,0.07624740181202826,-0.06057572541348954,0.2220925703081394
6.129032258064514,-1.612903225806452,0.08453726398112389,-0.06539813739969139,0.26276013246620555
6.129032258064514,-2.258064516129032,0.09274536607920769,-0.07047751337953193,0.3069413385296355
6.129032258064514,-2.903225806451613,0.10055530248844409,-0.07604373493613235,0.35478043175270885
6.129032258064514,-3.5483870967741926,0.10763752098780512,-0.0825075059283774,0.4051948716249438
6.129032258064514,-4.193548387096775,0.11369165468384201,-0.08985937560096097,0.46202614979686724
6.129032258064514,-4.838709677419354,0.1182427670415081,-0.0987702319396431,0.5253738945359083
6.129032258064514,-5.483870967741936,0.12098953962048396,-0.10924088029026446,0.6211043161304397
6.129032258064514,-6.129032258064514,0.12174583735014378,-0.12167488904699714,1.9772905827562746
6.129032258064514,-6.774193548387098,0.1202298345772118,-0.13648911240532993,-2.6473595725594823
6.129032258064514,-7.419354838709679,0.116563947752546,-0.1538426223397196,-2.5318824577333157
6.129032258064514,-8.064516129032256,0.1109047373746455,-0.17402166711123568,-2.464666118013409
6.129032258064514,-8.709677419354843,0.10358812398803705,-0.19718384359639754,-2.4100871089203846
6.129032258064514,-9.35483870967742,0.0950705697336843,-0.22338839264473317,-2.3622727952873794
9.35483870967742,9.35483870967742,2.696237556694172e-06,2.696237556622354e-06,-1.9923299121593628e-16
9.35483870967742,8.709677419354836,0.0058088030913778605,-0.005799434763588654,0.000877936473627885
9.35483870967742,8.064516129032258,0.012129711525791795,-0.01206231021006008,0.00682801146816698
9.35483870967742,7.419354838709679,0.018401307359827743,-0.018070816821920074,0.01664162815847758
9.35483870967742,6.7741935483871,0.024667012081477147,-0.023669548718291907,0.030284473324036765
9.35483870967742,6.129032258064514,0.0310312745372874,-0.028722233359808006,0.04780967327880799
9.35483870967742,5.483870967741936,0.037645474066057935,-0.0330983233678259,0.06926737977377062
9.35483870967742,4.838709677419355,0.04469990368029775,-0.03668895422592112,0.09467170011621913
9.35483870967742,4.193548387096775,0.05241005087669538,-0.03942781525425294,0.12396883211510416
9.35483870967742,3.5483870967741926,0.060997956310395035,-0.04131268585275018,0.1570017073178463
9.35483870967742,2.9032258064516134,0.07066611089418937,-0.04242216961805947,0.1934794816283512
9.35483870967742,2.258064516129032,0.08156308346233686,-0.04292105091933101,0.23296548007370788
9.35483870967742,1.612903225806452,0.09374680175708774,-0.04305015992523611,0.27490643064027054
9.35483870967742,0.967741935483872,0.10715308753780481,-0.04309585800819797,0.31869263037454065
9.35483870967742,0.32258064516129,0.1213217701452228,-0.043120055110672365,0.36888711353938036
9.35483870967742,-0.32258064516129,0.13659883664761122,-0.04354630204491545,0.4148026445662316
9.35483870967742,-0.96774193548387,0.15231411389258553,-0.044972353270866634,0.45693357219083097
9.35483870967742,-1.612903225806452,0.1673680722923533,-0.047051292567202245,0.5028689271377077
9.35483870967742,-2.258064516129032,0.18189904476173144,-0.04950164066246264,0.550064303686487
9.35483870967742,-2.903225806451613,0.1952041359144093,-0.052936944986536734,0.5983975016689745
9.35483870967742,-3.5483870967741926,0.20679229906876243,-0.05746125756623878,0.6473041071093008
9.35483870967742,-4.193548387096775,0.2161095728842019,-0.06325738218567771,0.6968885797028664
9.35483870967742,-4.838709677419354,0.22275150263989432,-0.07061671230402392,0.7472072748458027
9.35483870967742,-5.483870967741936,0.2264355554371439,-0.07980658177243626,0.7984272349446456
9.35483870967742,-6.129032258064514,0.2270225622595271,-0.09104007524607892,0.850971120235648
9.35483870967742,-6.774193548387098,0.22453329221812998,-0.10448938961196443,0.9062767926613303
9.35483870967742,-7.419354838709679,0.2192173617562677,-0.1203642842524181,0.9665627770199734
9.35483870967742,-8.064516129032256,0.21136931626849959,-0.1387769514819017,1.0417566469404196
9.35483870967742,-8.709677419354843,0.2013927260930354,-0.1598629900411429,1.1760295008110055
9.35483870967742,-9.35483870967742,0.18990506759984072,-0.18354564474245225,0.31039799934698703
8.709677419354843,9.35483870967742,-0.005799434763502733,0.005808803091349266,-0.0008779364757444083
8.709677419354843,8.709677419354836,2.8668447259407963e-06,2.8668447254614345e-06,-1.808160103126492e-16
8.709677419354843,8.064516129032258,0.005810804156904519,-0.005801573357763658,0.000742269840562295
8.709677419354843,7.419354838709679,0.012142676337083026,-0.012081290557823917,0.0066752754442991535
8.709677419354843,6.7741935483871,0.018443186010935746,-0.018142030743586935,0.016460322706097128
8.709677419354843,6.129032258064514,0.024755397520236158,-0.023848569727651665,0.030039878534325052
8.709677419354843,5.483870967741936,0.03117694620237821,-0.02908684193891032,0.0474457073884954
8.709677419354843,4.838709677419355,0.03784487861434403,-0.03374896611594384,0.06870575760990505
8.709677419354843,4.193548387096775,0.04492620666517587,-0.03774644233989019,0.09381516465082756
8.709677419354843,3.5483870967741926,0.05260317412316605,-0.041027131698398014,0.1227107158213087
8.709677419354843,2.9032258064516134,0.061054775476835285,-0.04359181248312853,0.15524434219555241
8.709677419354843,2.258064516129032,0.07043321046421094,-0.04550629987453723,0.19116217809646555
8.709677419354843,1.612903225806452,0.08083559523252264,-0.046904275224423676,0.23010015020605445
8.709677419354843,0.967741935483872,0.0922747772043075,-0.047977385024004816,0.2716055235803765
8.709677419354843,0.32258064516129,0.10426543732055552,-0.048747019289612344,0.32031051930013016
8.709677419354843,-0.32258064516129,0.11755744657273147,-0.049681735350099766,0.3662209065270884
8.709677419354843,-0.96774193548387,0.13142556846167083,-0.051423091554520454,0.4075150578122008
8.709677419354843,-1.612903225806452,0.144848431204163,-0.05359694029851081,0.4542829107686098
8.709677419354843,-2.258064516129032,0.15791188860216773,-0.05639203884070919,0.5024928933196865
8.709677419354843,-2.903225806451613,0.17001846572888174,-0.06013772695427551,0.5516338763658818
8.709677419354843,-3.5483870967741926,0.18064906452171822,-0.06497811353051396,0.6017116176427242
8.709677419354843,-4.193548387096775,0.18932208690424143,-0.07114808563830602,0.6527902737677113
8.709677419354843,-4.838709677419354,0.19562007297575432,-0.07888455226135296,0.7050970906386459
8.709677419354843,-5.483870967741936,0.19923348935834398,-0.08843143181296771,0.7589957941331327
8.709677419354843,-6.129032258064514,0.19996968480643568,-0.10001300667399698,0.8157583896120643
8.709677419354843,-6.774193548387098,0.19792760209787583,-0.11383577927999913,0.8782253393714919
8.709677419354843,-7.419354838709679,0.1930607947559348,-0.13022669258801273,0.9534007752895512
8.709677419354843,-8.064516129032256,0.18580022932960313,-0.14909544584804144,1.0883065244123038
8.709677419354843,-8.709677419354843,0.17657438290575117,-0.17081425172068104,0.6446170718396868
8.709677419354843,-9.35483870967742,0.16579082857888613,-0.19517645375275425,-2.392211826962776
2.258064516129032,9.35483870967742,-0.04088658584256814,0.08246339258655085,-0.2404535658093875
2.258064516129032,8.709677419354836,-0.0438766347910333,0.07109178292128308,-0.19742479142063044
2.258064516129032,8.064516129032258,-0.044697682692453826,0.061397537093841624,-0.15782254820831595
2.258064516129032,7.419354838709679,-0.04332043748109094,0.05296087441381367,-0.1229757009452865
2.258064516129032,6.7741935483871,-0.040189459912007945,0.04536818781694129,-0.09277692654892776
2.258064516129032,6.129032258064514,-0.03577540835561008,0.038316553752308004,-0.0669735765891323
2.258064516129032,5.483870967741936,-0.030488542535044086,0.031592046116304846,-0.04530900989022301
2.258064516129032,4.838709677419355,-0.024650691041080263,0.025049741928151775,-0.027562994807287543
2.258064516129032,4.193548387096775,-0.018494374423337588,0.01859938399292381,-0.01355567221123796
2.258064516129032,3.5483870967741926,-0.012176895943188886,0.012193845845366223,-0.0031430170232846608
2.258064516129032,2.9032258064516134,-0.005807630964392546,0.005824049551345374,0.003488909278262951
2.258064516129032,2.258064516129032,9.814416168303642e-06,9.814416167921077e-06,-3.991020477063974e-16
2.258064516129032,1.612903225806452,0.005825765643560102,-0.0058042693591924205,-0.005509552284508503
2.258064516129032,0.967741935483872,0.012184233664004736,-0.012170945500631199,-0.0010532840409528718
2.258064516129032,0.32258064516129,0.01853554847616718,-0.01847481974417781,0.007810580069228798
2.258064516129032,-0.32258064516129,0.024956933155097734,-0.024873339008529304,0.018051369383906325
2.258064516129032,-0.96774193548387,0.031372513870593574,-0.03133228513823081,0.028369067585524398
2.258064516129032,-1.612903225806452,0.0376009599787761,-0.037841238371549256,0.03667844004519042
2.258064516129032,-2.258064516129032,0.04390185523520051,-0.04455058067742786,-1.2596118287655271
2.258064516129032,-2.903225806451613,0.04987872636892967,-0.051482464478861845,-2.9887757495430036
2.258064516129032,-3.5483870967741926,0.05543742413628371,-0.05875256295275181,-2.9777611376060986
2.258064516129032,-4.193548387096775,0.06039052709880696,-0.06653576130553264,-2.951348730001042
2.258064516129032,-4.838709677419354,0.06449081146371698,-0.07505906576830922,-2.9186209641189236
2.258064516129032,-5.483870967741936,0.06745582701722092,-0.0845926434601271,-2.8816451811078774
2.258064516129032,-6.129032258064514,0.06899565490430142,-0.09546470174883698,-2.8412810834920066
2.258064516129032,-6.774193548387098,0.06885350030344815,-0.10806073517722595,-2.7981325303661055
2.258064516129032,-7.419354838709679,0.0668627013208532,-0.12281161887180556,-2.752830748995888
2.258064516129032,-8.064516129032256,0.06301745629773262,-0.1401645688754348,-2.706160397158767
2.258064516129032,-8.709677419354843,0.05755281461644291,-0.16053136889463518,-2.6591169376156074
2.258064516129032,-9.35483870967742,0.05127172045110508,-0.18421217814123014,-2.6130345728493363
-1.612903225806452,-9.35483870967742,0.04069751057735087,-0.09559025890465467,-2.8540891113188396
-1.612903225806452,-8.709677419354836,0.04466508407731637,-0.08234774567902405,-2.898801114188505
-1.612903225806452,-8.064516129032258,0.046769489186740655,-0.07110658370456228,-2.9414695818014764
-1.612903225806452,-7.419354838709679,0.04659405102580963,-0.061530252345317824,-2.9797174526384915
-1.612903225806452,-6.7741935483871,0.04446095379395056,-0.053130398368861714,-3.013354505135655
-1.612903225806452,-6.129032258064514,0.040807361135147206,-0.04552898337209422,-3.0424628576224535
-1.612903225806452,-5.483870967741936,0.03606124830529437,-0.03844701515088822,-3.067218299469991
-1.612903225806452,-4.838709677419355,0.030585349014526864,-0.03168562032249115,-3.0878028797255848
-1.612903225806452,-4.193548387096775,0.024658225037886918,-0.025109112428766782,-3.104361844662327
-1.612903225806452,-3.5483870967741926,0.01847493556601926,-0.018631852810161015,-3.116993525543305
-1.612903225806452,-2.9032258064516134,0.012160105759547292,-0.012206647628422053,-3.1257454454290174
-1.612903225806452,-2.258064516129032,0.005800248674399764,-0.005827796921883773,-3.130849451541018
-1.612903225806452,-1.612903225806452,-1.2554661250434075e-05,-1.2554661250162187e-05,-3.552713678800501e-16
-1.612903225806452,-0.967741935483872,-0.0058315102628612924,0.005793748653461305,3.1268222976672373
-1.612903225806452,-0.32258064516129,-0.01219816469982371,0.012152469321569466,3.1166501500712664
-1.612903225806452,0.32258064516129,-0.018612301081898108,0.018532516661856343,3.099463376494121
-1.612903225806452,0.96774193548387,-0.025018685727198873,0.024935427134921462,3.064420374588867
-1.612903225806452,1.612903225806452,-0.03135437954686617,0.03137981244052371,1.5247029007554151
-1.612903225806452,2.258064516129032,-0.03758421973918204,0.03789032979783653,-0.031055198157804612
-1.612903225806452,2.903225806451613,-0.043590627538403114,0.044736802943059546,-0.07270065408949167
-1.612903225806452,3.5483870967741926,-0.04930322749976948,0.051809781183392516,-0.10580449229679104
-1.612903225806452,4.193548387096775,-0.05446600338228606,0.059313395493334704,-0.1390625214004365
-1.612903225806452,4.838709677419354,-0.05884055298541887,0.06743996705242351,-0.1743808771804033
-1.612903225806452,5.483870967741936,-0.06217201206373721,0.0764347570544078,-0.21201202680409506
-1.612903225806452,6.129032258064514,-0.06419821529936992,0.08661364810073313,-0.25195628406779186
-1.612903225806452,6.774193548387098,-0.06455549697062725,0.09831720186668982,-0.2948026768916525
-1.612903225806452,7.419354838709679,-0.06307293889006185,0.1119982517013945,-0.3398805550301172
-1.612903225806452,8.064516129032256,-0.05969195407679521,0.12812159853042573,-0.3865904794192169
-1.612903225806452,8.709677419354843,-0.05459787549949525,0.14714598290484904,-0.4340703852253306
-1.612903225806452,9.35483870967742,-0.04848126927018528,0.16942201194927342,-0.4810095234092426
0.32258064516129,9.35483870967742,-0.04104338601447406,0.1232056979831017,-0.37771859777759287
0.32258064516129,8.709677419354836,-0.04601521338096911,0.10627100712943012,-0.3313587296035188
0.32258064516129,8.064516129032258,-0.05023716056528369,0.09152082783638477,-0.28348145471095454
0.32258064516129,7.419354838709679,-0.05234496647528664,0.0792750399987174,-0.23765366106079097
0.32258064516129,6.7741935483871,-0.052331306607412045,0.06901995297988109,-0.1945131258656141
0.32258064516129,6.129032258064514,-0.050461045630809324,0.06022379528814251,-0.15502118666774672
0.32258064516129,5.483870967741936,-0.04710668437669135,0.05244657730920646,-0.11967143259136452
0.32258064516129,4.838709677419355,-0.042448776937954756,0.04507713495161706,-0.09033251054623313
0.32258064516129,4.193548387096775,-0.03696567972648,0.03801743664627284,-0.06627292363791812
0.32258064516129,3.5483870967741926,-0.030663917973086097,0.030720029028162003,-0.050896218139107385
0.32258064516129,2.9032258064516134,-0.02478363631644979,0.024975249326807704,-0.023832133098973647
0.32258064516129,2.258064516129032,-0.01847341962249051,0.018537151253750377,-0.007816226864732852
0.32258064516129,1.612903225806452,-0.012143525912599444,0.0121650104160321,0.0069198759824275645
0.32258064516129,0.967741935483872,-0.005771477325552197,0.0058287991747387686,0.02118998025487247
0.32258064516129,0.32258064516129,6.64181383358767e-05,6.641813833552501e-05,-2.4559058490562317e-15
0.32258064516129,-0.32258064516129,0.0056472046708449745,-0.005650804171972941,0.0
0.32258064516129,-0.96774193548387,0.012124001992554253,-0.012175977453000798,-3.087122387642458
0.32258064516129,-1.612903225806452,0.018527451417244822,-0.0186173828181202,-3.099478750414335
0.32258064516129,-2.258064516129032,0.024862747445569124,-0.02510484424023177,-3.094121231356852
0.32258064516129,-2.903225806451613,0.031049968511568226,-0.03168757800561803,-3.0816280632594126
0.32258064516129,-3.5483870967741926,0.03700816946722809,-0.03836459885921291,-3.0649994207490328
0.32258064516129,-4.193548387096775,0.042552358248540714,-0.04549151550137096,-3.042201020782545
0.32258064516129,-4.838709677419354,0.04751148305414167,-0.05295678719139203,-3.0163388414811596
0.32258064516129,-5.483870967741936,0.051637691418408356,-0.060927027695500034,-2.987274391595591
0.32258064516129,-6.129032258064514,0.05467770641921232,-0.06987118511843192,-2.953848323891674
0.32258064516129,-6.774193548387098,0.056274146812391485,-0.07990940968799243,-2.9172037377018567
0.32258064516129,-7.419354838709679,0.05616519733870472,-0.09145606685698991,-2.8773722606210166
0.32258064516129,-8.064516129032256,0.05414564881812818,-0.10497778898669032,-2.83467285025085
0.32258064516129,-8.709677419354843,0.05020370101417715,-0.12101000964100611,-2.789676275033986
0.32258064516129,-9.35483870967742,0.04470266282907025,-0.14004951929589282,-2.7433620031433494
-7.419354838709679,-9.35483870967742,0.017959576544474807,-0.018378552839849592,-3.1210311550287004
-7.419354838709679,-8.709677419354836,0.012020882514190083,-0.012118777392086371,-3.1308508930315315
-7.419354838709679,-8.064516129032258,0.005790415527812749,-0.005805681737918942,-3.1369554605984793
-7.419354838709679,-7.419354838709679,-2.3003363822683234e-06,-2.3003363821858664e-06,-5.921189464667501e-17
-7.419354838709679,-6.7741935483871,-0.005808441765344287,0.00579317932126283,3.1367695688914545
-7.419354838709679,-6.129032258064514,-0.012148669500329312,0.012063037572530305,3.130480675651771
-7.419354838709679,-5.483870967741936,-0.018505539630957447,0.01817856224063917,3.1205687611789767
-7.419354838709679,-4.838709677419355,-0.02491697405267482,0.02404550127363079,3.1069430434337186
-7.419354838709679,-4.193548387096775,-0.0314596371162178,0.029586383470655127,3.089596655276402
-7.419354838709679,-3.5483870967741926,-0.03823687548454904,0.034733420703224285,3.068537142746416
-7.419354838709679,-2.9032258064516134,-0.045365950847355646,0.03943561572108804,3.0437964408316476
-7.419354838709679,-2.258064516129032,-0.052962405761019175,0.0436700077477207,3.0154455634671677
-7.419354838709679,-1.612903225806452,-0.06112292280729969,0.047452241277265876,2.983608759553854
-7.419354838709679,-0.967741935483872,-0.06990650233135039,0.050843772909060045,2.948471899377492
-7.419354838709679,-0.32258064516129,-0.07931031911849401,0.05395402616471643,2.9102401281686023
-7.419354838709679,0.32258064516129,-0.08926954685627404,0.05693209989487954,2.8692516842914393
-7.419354838709679,0.96774193548387,-0.09962957564296483,0.05997632018767916,2.8258778856436253
-7.419354838709679,1.612903225806452,-0.11012616961118349,0.06329013524968295,2.7802390129205063
-7.419354838709679,2.258064516129032,-0.12043725183875494,0.06710006112771948,2.732569124495777
-7.419354838709679,2.903225806451613,-0.13016798165324925,0.0716428052761495,2.6829454461962334
-7.419354838709679,3.5483870967741926,-0.13888574388960037,0.07716301439925598,2.631265551241761
-7.419354838709679,4.193548387096775,-0.14615129812233865,0.08391677024523253,2.577142881779485
-7.419354838709679,4.838709677419354,-0.15155546079489196,0.09217324176371941,2.519607098929855
-7.419354838709679,5.483870967741936,-0.15475914605017452,0.10221253882255273,2.4561611467873443
-7.419354838709679,6.129032258064514,-0.155533516856665,0.11431703772412932,2.3790484468938757
-7.419354838709679,6.774193548387098,-0.15379417828094766,0.1287553105638907,2.2512058012909475
-7.419354838709679,7.419354838709679,-0.14962066816752836,0.1457603883166648,0.8025799561975252
-7.419354838709679,8.064516129032256,-0.1431491193994615,0.16546585492300755,-0.6087237759181297
-7.419354838709679,8.709677419354843,-0.13499388396385595,0.18816175672332372,-0.7563926205979961
-7.419354838709679,9.35483870967742,-0.12551034583649742,0.21355169556640607,-0.8288609329226841
-6.129032258064514,-9.35483870967742,0.028458150451721405,-0.031094757288908252,-3.0893031927033037
-6.129032258064514,-8.709677419354836,0.023690510550009813,-0.024770975539762752,-3.107126557126344
-6.129032258064514,-8.064516129032258,0.018109109372680163,-0.018469058005688085,-3.120753192591328
-6.129032258064514,-7.419354838709679,0.01206299592911207,-0.012148693712933685,-3.130480450777326
-6.129032258064514,-6.7741935483871,0.005795680350602627,-0.005811043384741084,-3.13654656294409
-6.129032258064514,-6.129032258064514,-2.9046275405750452e-06,-2.9046275399274153e-06,-1.1842378929335003e-16
-6.129032258064514,-5.483870967741936,-0.005813500614781906,0.005797897828223497,3.1362741031446064
-6.129032258064514,-4.838709677419355,-0.012172830156615851,0.012099214687427286,3.129927539124865
-6.129032258064514,-4.193548387096775,-0.018566402716567936,0.018297662333531934,3.120003219914487
-6.129032258064514,-3.5483870967741926,-0.025023697446223295,0.02433060162977907,3.1064079376658564
-6.129032258064514,-2.9032258064516134,-0.031600373067479974,0.030154190508352337,3.089154579483223
-6.129032258064514,-2.258064516129032,-0.03836560990742068,0.035734636796322064,3.0682657792936747
-6.129032258064514,-1.612903225806452,-0.04538930211020516,0.041053521205833006,3.043776765339005
-6.129032258064514,-0.967741935483872,-0.05272692124238862,0.046116344440114136,3.015741884334745
-6.129032258064514,-0.32258064516129,-0.06037168931561719,0.0509692034478495,2.984362824431765
-6.129032258064514,0.32258064516129,-0.06838518564889805,0.055667502635508744,2.949411894072278
-6.129032258064514,0.96774193548387,-0.07664792136635817,0.0603279460730155,2.9112347881417895
-6.129032258064514,1.612903225806452,-0.08499597831761206,0.06511561599200265,2.869918214237607
-6.129032258064514,2.258064516129032,-0.09323194811550511,0.07021090592516394,2.825416079166924
-6.129032258064514,2.903225806451613,-0.10107450700408113,0.07583213154849465,2.7775267163905624
-6.129032258064514,3.5483870967741926,-0.10818686242499759,0.08222651043654908,2.7255934739847176
-6.129032258064514,4.193548387096775,-0.1141990840294103,0.0896674369928911,2.6677705879772478
-6.129032258064514,4.838709677419354,-0.11873882608271404,0.0984522314238507,2.5982002465023357
-6.129032258064514,5.483870967741936,-0.12146971822610161,0.10889777561555362,2.488843588704794
-6.129032258064514,6.129032258064514,-0.12213409232146612,0.12133101867570238,1.2134399096671091
-6.129032258064514,6.774193548387098,-0.12052409467491747,0.13603112361194072,-0.4665948503582348
-6.129032258064514,7.419354838709679,-0.1168232658391381,0.15344850533883,-0.596804874223336
-6.129032258064514,8.064516129032256,-0.11113216141960687,0.17360137255177158,-0.6690435205233842
-6.129032258064514,8.709677419354843,-0.10372203691046611,0.19672446785084186,-0.7270316134824515
-6.129032258064514,9.35483870967742,-0.09516793074863088,0.22303454376801907,-0.7758508134617398
-4.193548387096775,-9.35483870967742,0.03834694634573381,-0.05284776684095342,-3.0101271627912083
-4.193548387096775,-8.709677419354836,0.03710146146205596,-0.04521470097594079,-3.0414274046992746
-4.193548387096775,-8.064516129032258,0.033983257752764603,-0.03817730748263846,-3.067700690585381
-4.193548387096775,-7.419354838709679,0.029521715245211695,-0.03148883463109084,-3.0893087283538794
-4.193548387096775,-6.7741935483871,0.024177740082177067,-0.024985618672189232,-3.1066448497772807
-4.193548387096775,-6.129032258064514,0.018295617186714432,-0.018567849053885095,-3.1199937072146002
-4.193548387096775,-5.483870967741936,0.012114994989352285,-0.012182774100050198,-3.1295373337398353
-4.193548387096775,-4.838709677419355,0.005801337919120923,-0.005818075199485277,-3.1354962711647536
-4.193548387096775,-4.193548387096775,-4.5008668817490135e-06,-4.5008668816152085e-06,-2.9605947323337506e-16
-4.193548387096775,-3.5483870967741926,-0.005820273493637604,0.005802425327369446,3.134913483898606
-4.193548387096775,-2.9032258064516134,-0.012198124429325238,0.012141788793124043,3.12832775980154
-4.193548387096775,-2.258064516129032,-0.01862166821104027,0.018439509143759015,3.118214348107973
-4.193548387096775,-1.612903225806452,-0.02509879351242276,0.02467041975661048,3.104426472933312
-4.193548387096775,-0.967741935483872,-0.031647072135547655,0.030832090310664258,3.0869616234979618
-4.193548387096775,-0.32258064516129,-0.03826265304089994,0.03694848516931322,3.0659490396151474
-4.193548387096775,0.32258064516129,-0.044987209624815776,0.043009646144573886,3.040940512986275
-4.193548387096775,0.96774193548387,-0.05176932394044476,0.04907901090953388,3.011977316672408
-4.193548387096775,1.612903225806452,-0.05852534988514745,0.05524713466492655,2.9787501122207884
-4.193548387096775,2.258064516129032,-0.06514664988817677,0.06161659863103342,2.9401551672760404
-4.193548387096775,2.903225806451613,-0.07146026283364702,0.06833733726793222,2.892993694218538
-4.193548387096775,3.5483870967741926,-0.07723832316180824,0.07560064029638,2.8216604524864124
-4.193548387096775,4.193548387096775,-0.08220241797584643,0.08363972581213643,1.638983424456032
-4.193548387096775,4.838709677419354,-0.08597640089153077,0.0926660645212241,-0.2622247338940592
-4.193548387096775,5.483870967741936,-0.08838225190307522,0.10322508157090318,-0.34630838224956667
-4.193548387096775,6.129032258064514,-0.08902605384672721,0.11540570488157455,-0.40703312667233005
-4.193548387096775,6.774193548387098,-0.08791358290947424,0.12971292612263252,-0.4603848623182147
-4.193548387096775,7.419354838709679,-0.08491731239474065,0.146636326267018,-0.5106896183839271
-4.193548387096775,8.064516129032256,-0.08001768513167913,0.16628806717808756,-0.560969827691166
-4.193548387096775,8.709677419354843,-0.07356605090653433,0.18908002164840568,-0.6096482728163745
-4.193548387096775,9.35483870967742,-0.06611097083752111,0.21513420155951338,-0.6556845763055243
7.419354838709679,9.35483870967742,-0.018068113232198015,0.01840248570694402,-0.016651861542376262
7.419354838709679,8.709677419354836,-0.012081250288957984,0.012142701451691803,-0.006675451921692858
7.419354838709679,8.064516129032258,-0.005803516284775499,0.005812671280354674,-0.0005842325108830417
7.419354838709679,7.419354838709679,3.2950067147548277e-06,3.295006714208274e-06,-1.808160103126492e-16
7.419354838709679,6.7741935483871,0.005814405567136827,-0.005805247256380928,0.00039773485564356
7.419354838709679,6.129032258064514,0.012164423942837378,-0.01211493897872192,0.00628699653283881
7.419354838709679,5.483870967741936,0.018512204100943192,-0.018269274773228386,0.01601177177632659
7.419354838709679,4.838709677419355,0.02489653895170058,-0.024169206297398695,0.029470482100656885
7.419354838709679,4.193548387096775,0.031397660186760046,-0.02973964313660855,0.04666176394600444
7.419354838709679,3.5483870967741926,0.03812135016007901,-0.03491279760209064,0.06758075463138277
7.419354838709679,2.9032258064516134,0.045187592001090224,-0.03963720828723276,0.09219760180877422
7.419354838709679,2.258064516129032,0.05271506819537399,-0.04388965316752252,0.1204417688719362
7.419354838709679,1.612903225806452,0.06080389326215822,-0.04768582899601389,0.15218785716898867
7.419354838709679,0.967741935483872,0.06951657043905891,-0.05108757713512577,0.1872466855394804
7.419354838709679,0.32258064516129,0.07828292924342642,-0.05396724120269091,0.2305930543394525
7.419354838709679,-0.32258064516129,0.08828229515285796,-0.056783030608514876,0.27262465133395664
7.419354838709679,-0.96774193548387,0.09913414149180631,-0.0601342220354337,0.3102602824945649
7.419354838709679,-1.612903225806452,0.10953019443680993,-0.06355201789318732,0.3551640189674455
7.419354838709679,-2.258064516129032,0.11982243444812335,-0.06736304328432834,0.4027174220415552
7.419354838709679,-2.903225806451613,0.1295507074885318,-0.0719050283903834,0.4521900851425934
7.419354838709679,-3.5483870967741926,0.1382769586225671,-0.07742482663304541,0.5036411791395708
7.419354838709679,-4.193548387096775,0.1455508723004175,-0.0841649983892563,0.557635310901301
7.419354838709679,-4.838709677419354,0.1510094292467328,-0.09238327948688461,0.6147572496523991
7.419354838709679,-5.483870967741936,0.1542908794805478,-0.1024544087423344,0.67636503297311
7.419354838709679,-6.129032258064514,0.15509379571459572,-0.1145782708824234,0.7503716995948141
7.419354838709679,-6.774193548387098,0.1533963596320899,-0.12900697727079494,0.8700678780662174
7.419354838709679,-7.419354838709679,0.1493543945083115,-0.1459578505848969,1.5531522433029474
7.419354838709679,-8.064516129032256,0.1429880400151679,-0.16581458778592903,-2.518724694622715
7.419354838709679,-8.709677419354843,0.13485884371223866,-0.18840200247351374,-2.377709961839048
7.419354838709679,-9.35483870967742,0.125365781969023,-0.21385174958508746,-2.3077414552409934
-0.967741935483872,-9.35483870967742,0.04076974727217142,-0.10938243713416294,-2.8101815146336335
-0.967741935483872,-8.709677419354836,0.04543198088199991,-0.09428920324737627,-2.8559706368675988
-0.967741935483872,-8.064516129032258,0.048667032592608045,-0.08138354389345982,-2.901367200637418
-0.967741935483872,-7.419354838709679,0.04965380642203716,-0.0705361192202292,-2.9430566051042377
-0.967741935483872,-6.7741935483871,0.04854465491923679,-0.06121122243212688,-2.980482223975444
-0.967741935483872,-6.129032258064514,0.045704033293672786,-0.052963934511292665,-3.013489483212218
-0.967741935483872,-5.483870967741936,0.041550501352850884,-0.045451089018195834,-3.0421240246018755
-0.967741935483872,-4.838709677419355,0.03647310604621714,-0.03841730494647708,-3.0664999527292904
-0.967741935483872,-4.193548387096775,0.03079244790020337,-0.0316793225007263,-3.086727179374484
-0.967741935483872,-3.5483870967741926,0.02474905273591589,-0.02511163271050141,-3.1028783665109585
-0.967741935483872,-2.9032258064516134,0.01850576955489309,-0.018634839363183633,-3.114977305814184
-0.967741935483872,-2.258064516129032,0.01216289155436772,-0.01220657155835548,-3.1229513824976873
-0.967741935483872,-1.612903225806452,0.005793748653474371,-0.005831510262832466,-3.1268222976564077
-0.967741935483872,-0.967741935483872,-2.1281482366711466e-05,-2.1281482366433216e-05,-7.105427357601002e-16
-0.967741935483872,-0.32258064516129,-0.005834295940367619,0.005770918835622366,3.1150575638039997
-0.967741935483872,0.32258064516129,-0.012175890891138097,0.012124086083539303,3.087123131911238
-0.967741935483872,0.96774193548387,-0.018519260723300224,0.018488915428214254,1.4525441859352388
-0.967741935483872,1.612903225806452,-0.024925259753673566,0.024966091356939727,0.010885966734619357
-0.967741935483872,2.258064516129032,-0.03121677789302515,0.031494972671390106,-0.027467076973832105
-0.967741935483872,2.903225806451613,-0.03728020589507566,0.038129697016309534,-0.056184239174831396
-0.967741935483872,3.5483870967741926,-0.04316486553452693,0.04504695535393374,-0.08240518752089217
-0.967741935483872,4.193548387096775,-0.048523221469735325,0.05229309806347116,-0.1115345634832239
-0.967741935483872,4.838709677419354,-0.053160582154467215,0.060043626098050626,-0.14353928107389327
-0.967741935483872,5.483870967741936,-0.0569744951734112,0.06856122468249487,-0.17734441392865966
-0.967741935483872,6.129032258064514,-0.0594738627561602,0.07804652556253505,-0.21478626749324858
-0.967741935483872,6.774193548387098,-0.06042021672968104,0.08887476534387691,-0.25522792263426924
-0.967741935483872,7.419354838709679,-0.059575091374024454,0.10146180702700532,-0.2983281139410082
-0.967741935483872,8.064516129032256,-0.0568063549875401,0.11628160274743848,-0.3436333226571042
-0.967741935483872,8.709677419354843,-0.052205296787480024,0.13383011780351434,-0.3903914474435594
-0.967741935483872,9.35483870967742,-0.04636922870897892,0.15449380455946152,-0.43715942436132027
-0.32258064516129,-9.35483870967742,0.041243697089131705,-0.12407644027459014,-2.765462492193531
-0.32258064516129,-8.709677419354836,0.04622339561123278,-0.1071772308710212,-2.811462158485768
-0.32258064516129,-8.064516129032258,0.050379043677469405,-0.09249198290727331,-2.8587718996799625
-0.32258064516129,-7.419354838709679,0.052429258636175646,-0.08021778652275356,-2.9032652620792447
-0.32258064516129,-6.7741935483871,0.05233321715151109,-0.06980377289503928,-2.9440958099471866
-0.32258064516129,-6.129032258064514,0.05034732072578948,-0.06074486878601307,-2.9808891890912266
-0.32258064516129,-5.483870967741936,0.046847892690926415,-0.05270789423064328,-3.0131932968213047
-0.32258064516129,-4.838709677419355,0.042234311447102636,-0.04531098183040209,-3.041334988616621
-0.32258064516129,-4.193548387096775,0.036858302695863605,-0.03833348281488485,-3.065354571253379
-0.32258064516129,-3.5483870967741926,0.030945166767870787,-0.031401000231320676,-3.08707127872267
-0.32258064516129,-2.9032258064516134,0.02482686384765435,-0.025101245456828132,-3.1001837994036947
-0.32258064516129,-2.258064516129032,0.018525906456080612,-0.0186289862560613,-3.1110047670308156
-0.32258064516129,-1.612903225806452,0.012152441219071781,-0.012198194248454938,-3.1166497104366964
-0.32258064516129,-0.967741935483872,0.005770918835729288,-0.005834295940304814,-3.115057563769937
-0.32258064516129,-0.32258064516129,-6.542386469061817e-05,-6.542386469028556e-05,-2.3684757858670005e-15
-0.32258064516129,0.32258064516129,-0.005650804174466039,0.0056472046732317415,0.0
-0.32258064516129,0.96774193548387,-0.012126356738140125,0.012149953340094203,0.0359319945204948
-0.32258064516129,1.612903225806452,-0.018510781599349387,0.018551128482065853,0.0034786739122858548
-0.32258064516129,2.258064516129032,-0.024840264444573535,0.0249941780555966,-0.017837263686234603
-0.32258064516129,2.903225806451613,-0.031068010273757305,0.03154631788455585,-0.03839810845677063
-0.32258064516129,3.5483870967741926,-0.036903104649214084,0.037770582393881494,-0.06808433888803143
-0.32258064516129,4.193548387096775,-0.042627435215222526,0.04515953615706983,-0.08805167890963264
-0.32258064516129,4.838709677419354,-0.04772322044340124,0.05267350427124864,-0.11439801311094303
-0.32258064516129,5.483870967741936,-0.051805214402345014,0.060555881830282085,-0.1464108273191761
-0.32258064516129,6.129032258064514,-0.054645295190191415,0.06912091374837427,-0.1835117800417883
-0.32258064516129,6.774193548387098,-0.0560995108093091,0.07891297607160817,-0.22357808626591164
-0.32258064516129,7.419354838709679,-0.0560184222775431,0.0904762961188046,-0.2644031815716739
-0.32258064516129,8.064516129032256,-0.054034529623955156,0.10407650671966331,-0.3071176179708903
-0.32258064516129,8.709677419354843,-0.05007904862123461,0.12015734729283681,-0.35222749964452016
-0.32258064516129,9.35483870967742,-0.04452538504990298,0.13924600846882793,-0.3988726396591977
-6.7741935483871,-9.35483870967742,0.02350258063702444,-0.024675109149512046,-3.1071911938478354
-6.7741935483871,-8.709677419354836,0.01803690606333293,-0.018426308730371137,-3.120907868080315
-6.7741935483871,-8.064516129032258,0.012042676939285988,-0.012134455830100137,-3.130682636209241
-6.7741935483871,-7.419354838709679,0.005793179321186475,-0.005808441765294204,-3.1367695688890196
-6.7741935483871,-6.7741935483871,-2.5740118639026633e-06,-2.574011863344892e-06,0.0
-6.7741935483871,-6.129032258064514,-0.00581104338478398,0.005795680350670056,3.1365465629465947
-6.7741935483871,-5.483870967741936,-0.012161468669745655,0.012081873586815148,3.1302340443103978
-6.7741935483871,-4.838709677419355,-0.01853838695185793,0.0182405761275543,3.1203214523252902
-6.7741935483871,-4.193548387096775,-0.02497609014734464,0.02419402372030553,3.106718981377559
-6.7741935483871,-3.5483870967741926,-0.03154120117539537,0.029882220900731445,3.0894314405133203
-6.7741935483871,-2.9032258064516134,-0.038320271939385454,0.03525500765749599,3.068476229847429
-6.7741935483871,-2.258064516129032,-0.045406884746380966,0.040278132134712555,3.0438898491601813
-6.7741935483871,-1.612903225806452,-0.05288615718600129,0.04494293266033453,3.0157385923028763
-6.7741935483871,-0.967741935483872,-0.060818507567139905,0.04927519863017953,2.98412777253718
-6.7741935483871,-0.32258064516129,-0.06921620205219632,0.05334549628930591,2.9491934170377787
-6.7741935483871,0.32258064516129,-0.0780549170056697,0.057251070701905,2.9111159070627624
-6.7741935483871,0.96774193548387,-0.08722401327034193,0.06114940825374811,2.8701800268445656
-6.7741935483871,1.612903225806452,-0.0965226370044778,0.06522492046991833,2.826469786730652
-6.7741935483871,2.258064516129032,-0.10569146896184117,0.06968651787261204,2.7801332266092826
-6.7741935483871,2.903225806451613,-0.11439566456210727,0.07476836511144794,2.731158750084833
-6.7741935483871,3.5483870967741926,-0.1222510686604605,0.08072309130555973,2.67927333159798
-6.7741935483871,4.193548387096775,-0.12885143926418127,0.08782109012644358,2.6236637935954388
-6.7741935483871,4.838709677419354,-0.13380304558153142,0.09634972648756662,2.5621380915492398
-6.7741935483871,5.483870967741936,-0.13676476396915763,0.10660999441742461,2.4878418083839318
-6.7741935483871,6.129032258064514,-0.1374904398336075,0.11890767418391816,2.3681020145606624
-6.7741935483871,6.774193548387098,-0.1358672650236055,0.13353710245602637,1.0261541680018034
-6.7741935483871,7.419354838709679,-0.13185768531672692,0.15071898966506775,-0.5375437175426427
-6.7741935483871,8.064516129032256,-0.125870453611337,0.17082145097128884,-0.6785780878994022
-6.7741935483871,8.709677419354843,-0.11815987042626884,0.19371691310557146,-0.7518163505565199
-6.7741935483871,9.35483870967742,-0.10910650819583619,0.21960613219276953,-0.8077646239422417
-8.709677419354836,-9.35483870967742,0.005784153196201793,-0.005799650256929134,-3.137247644825506
-8.709677419354836,-8.709677419354836,-1.8732071358874143e-06,-1.8732071357073499e-06,-1.1842378929335003e-16
-8.709677419354836,-8.064516129032258,-0.005802753543574501,0.00578740336668771,3.1371127839693567
-8.709677419354836,-7.419354838709679,-0.012118756627098963,0.012020928956808901,3.1308511314360277
-8.709677419354836,-6.7741935483871,-0.01842516974367346,0.0180395478427466,3.1209188912301005
-8.709677419354836,-6.129032258064514,-0.024763492402652763,0.02371171577596297,3.1072122728767186
-8.709677419354836,-5.483870967741936,-0.03122738913648322,0.028920513908330097,3.089691272028324
-8.709677419354836,-4.838709677419355,-0.03795174141364794,0.03355845623394498,3.0683314707470957
-8.709677419354836,-4.193548387096775,-0.04510103646952821,0.03753781502472367,3.0431413716398774
-8.709677419354836,-3.5483870967741926,-0.05285441747463294,0.04080684194117998,3.014186839091034
-8.709677419354836,-2.9032258064516134,-0.061387314553486415,0.043366215880613825,2.981617772730922
-8.709677419354836,-2.258064516129032,-0.07084804875064762,0.04528116063830892,2.9456890918128162
-8.709677419354836,-1.612903225806452,-0.08132971026267014,0.046684410026294657,2.906764932337216
-8.709677419354836,-0.967741935483872,-0.09284131033185164,0.04776643771592402,2.8652961081643684
-8.709677419354836,-0.32258064516129,-0.10527754051161715,0.048744146491546674,2.821698278933015
-8.709677419354836,0.32258064516129,-0.11844432599186508,0.049863083430005554,2.7765150795712494
-8.709677419354836,0.96774193548387,-0.13201519323496336,0.0513824079913254,2.7302744497712443
-8.709677419354836,1.612903225806452,-0.145569602494038,0.05341577879106803,2.682890174383051
-8.709677419354836,2.258064516129032,-0.15863182693410802,0.05623396765190636,2.63475326510876
-8.709677419354836,2.903225806451613,-0.17072030465133897,0.059976969623808385,2.5856286362846785
-8.709677419354836,3.5483870967741926,-0.18131733873535957,0.0648139735208096,2.5355614329428957
-8.709677419354836,4.193548387096775,-0.18994414613182967,0.07098515442428541,2.484470314850973
-8.709677419354836,4.838709677419354,-0.1961899912145899,0.07872297122568699,2.4320924249102025
-8.709677419354836,5.483870967741936,-0.19974688542960664,0.08826718566365992,2.3779523627521058
-8.709677419354836,6.129032258064514,-0.20044185195043215,0.0998616695079532,2.320972808434334
-8.709677419354836,6.774193548387098,-0.1982622889517057,0.1137352859063284,2.258283454647136
-8.709677419354836,7.419354838709679,-0.19336380869101474,0.1300805546756645,2.180691136358151
-8.709677419354836,8.064516129032256,-0.18605453163612898,0.14903477255988865,2.043601344706198
-8.709677419354836,8.709677419354843,-0.17675678838500145,0.17066821822766604,0.39339537013249726
-8.709677419354836,9.35483870967742,-0.16586071592410312,0.19495623073881815,-0.7424784305215808
-2.9032258064516134,-9.35483870967742,0.04050906684688443,-0.07168194350783716,-2.9374802058056235
-2.9032258064516134,-8.709677419354836,0.042195238341092504,-0.061782873678554256,-2.977059909685018
-2.9032258064516134,-8.064516129032258,0.04163778812422051,-0.05319015511472001,-3.0121773049329077
-2.9032258064516134,-7.419354838709679,0.039108608458482644,-0.04550199321432856,-3.0423185800314836
-2.9032258064516134,-6.7741935483871,0.03511151645605558,-0.03839193597445313,-3.067784276929848
-2.9032258064516134,-6.129032258064514,0.030101673295795755,-0.0316323302084594,-3.0888931855158495
-2.9032258064516134,-5.483870967741936,0.02444146166486115,-0.02507008648900133,-3.1059046324984325
-2.9032258064516134,-4.838709677419355,0.0183953144046438,-0.018609568392087057,-3.1190085883720284
-2.9032258064516134,-4.193548387096775,0.012141755131895597,-0.012198153311713677,-3.1283275426016575
-2.9032258064516134,-3.5483870967741926,0.005802904674283399,-0.005822511155583607,-3.1340984215031478
-2.9032258064516134,-2.9032258064516134,-6.740309522104924e-06,-6.740309521901036e-06,-1.7763568394002506e-16
-2.9032258064516134,-2.258064516129032,-0.005824931908077075,0.005802447605492869,3.132877782498374
-2.9032258064516134,-1.612903225806452,-0.012206618100264905,0.012160137098291569,3.125745688762933
-2.9032258064516134,-0.967741935483872,-0.01863329549298485,0.018507389061018297,3.1149861892363075
-2.9032258064516134,-0.32258064516129,-0.025091162065597198,0.024837621797416436,3.100242677922259
-2.9032258064516134,0.32258064516129,-0.031564278248992064,0.03116973641161671,3.0813119944051146
-2.9032258064516134,0.96774193548387,-0.038043793708592934,0.037541377325323144,3.057269437053512
-2.9032258064516134,1.612903225806452,-0.04446114822719842,0.0439977957324934,3.02597976757574
-2.9032258064516134,2.258064516129032,-0.05073188908557149,0.050615654221163466,2.9761178874204552
-2.9032258064516134,2.903225806451613,-0.056727424217555826,0.05749849234676474,1.6625176956580392
-2.9032258064516134,3.5483870967741926,-0.06222786837945802,0.06477288962934079,-0.13427770845839787
-2.9032258064516134,4.193548387096775,-0.06702063121768347,0.07265094707906648,-0.19622778324660178
-2.9032258064516134,4.838709677419354,-0.07103285038807429,0.08148622952715803,-0.23992564822114926
-2.9032258064516134,5.483870967741936,-0.07378999141074044,0.09141630740311589,-0.2840334093300653
-2.9032258064516134,6.129032258064514,-0.07490856515631542,0.10279833846455991,-0.3307017252215345
-2.9032258064516134,6.774193548387098,-0.07440651638506021,0.11610260087524378,-0.3772412971709583
-2.9032258064516134,7.419354838709679,-0.07195782119672109,0.1316679883377575,-0.4254638440787454
-2.9032258064516134,8.064516129032256,-0.06765632115548176,0.14997519433529977,-0.47414320529031334
-2.9032258064516134,8.709677419354843,-0.06179614609977953,0.1713684290287568,-0.5222943234445293
-2.9032258064516134,9.35483870967742,-0.05499619579705268,0.1960741282604945,-0.568750133084108
-3.5483870967741926,-9.35483870967742,0.039805074507105805,-0.06168305681807503,-2.9755131330823548
-3.5483870967741926,-8.709677419354836,0.04004397318510507,-0.05307363013200631,-3.011211407831063
-3.5483870967741926,-8.064516129032258,0.03814573616689225,-0.04539244646841113,-3.041953468149217
-3.5483870967741926,-7.419354838709679,0.03457063150317033,-0.038305210211768054,-3.067804157925045
-3.5483870967741926,-6.7741935483871,0.029824057194309094,-0.031572084684196595,-3.0891577856647197
-3.5483870967741926,-6.129032258064514,0.024315560788559586,-0.025033589572653683,-3.106336683656943
-3.5483870967741926,-5.483870967741936,0.018347918000669323,-0.01859110736835592,-3.119575613784959
-3.5483870967741926,-4.838709677419355,0.012129229081502423,-0.012191224379145875,-3.1290258442246235
-3.5483870967741926,-4.193548387096775,0.005802425327334596,-0.005820273493614285,-3.1349134838952275
-3.5483870967741926,-3.5483870967741926,-5.417566857801823e-06,-5.4175668576500935e-06,-1.1842378929335003e-16
-3.5483870967741926,-2.9032258064516134,-0.0058225111556041665,0.005802904674310671,3.1340984215070393
-3.5483870967741926,-2.258064516129032,-0.012203393436059562,0.012152324028616057,3.1273203487900814
-3.5483870967741926,-1.612903225806452,-0.01863030789945123,0.01847662385159907,3.1170022681453484
-3.5483870967741926,-0.967741935483872,-0.02510135742958418,0.02476054044677869,3.1029417945340705
-3.5483870967741926,-0.32258064516129,-0.03136651467637292,0.030983133051859457,3.0873416543970995
-3.5483870967741926,0.32258064516129,-0.03808696617763765,0.03727276040302533,3.064312595791541
-3.5483870967741926,0.96774193548387,-0.04475658965200558,0.04352935848525103,3.0372330152885314
-3.5483870967741926,1.612903225806452,-0.051293623821697665,0.049890875885514004,3.006020242486493
-3.5483870967741926,2.258064516129032,-0.05768896456940456,0.056435785590271896,2.967043512258653
-3.5483870967741926,2.903225806451613,-0.06379273402976554,0.06329063050694356,2.907309451368253
-3.5483870967741926,3.5483870967741926,-0.06939820490801361,0.07062144307350063,1.6872184893739666
-3.5483870967741926,4.193548387096775,-0.07420130716480929,0.07859651089497491,-0.1965036425691369
-3.5483870967741926,4.838709677419354,-0.07796625040618688,0.08760473136597392,-0.2688294986731337
-3.5483870967741926,5.483870967741936,-0.08049342922419304,0.09783677342128573,-0.3208870278155099
-3.5483870967741926,6.129032258064514,-0.08148421541572884,0.10975825705970776,-0.36940958676941565
-3.5483870967741926,6.774193548387098,-0.0806184546407614,0.123649552529501,-0.4186346188965239
-3.5483870967741926,7.419354838709679,-0.07781434876926527,0.13994829310941118,-0.4684140222121239
-3.5483870967741926,8.064516129032256,-0.07317152722841931,0.15905178419993077,-0.5179345519794721
-3.5483870967741926,8.709677419354843,-0.06700533562343886,0.18127201918616923,-0.5662824096798502
-3.5483870967741926,9.35483870967742,-0.059870622941067576,0.2067892038481178,-0.6124555989192892
5.483870967741936,9.35483870967742,-0.032857977038697424,0.03769191153186928,-0.07014204758199392
5.483870967741936,8.709677419354836,-0.029006280678501757,0.03120190108532095,-0.04775874491006153
5.483870967741936,8.064516129032258,-0.023995985260437988,0.024840730324415243,-0.029848926601579815
5.483870967741936,7.419354838709679,-0.018267071291424433,0.018513621242625063,-0.016020755968194657
5.483870967741936,6.7741935483871,-0.012129529598710918,0.012173213127020561,-0.0060340191817059114
5.483870967741936,6.129032258064514,-0.005807984225873596,0.005817494357687192,9.851302402816269e-05
5.483870967741936,5.483870967741936,4.308182262542532e-06,4.308182262084565e-06,-2.2152418788223827e-16
5.483870967741936,4.838709677419355,0.005818869806819711,-0.005808923960210181,-0.00043901038637208167
5.483870967741936,4.193548387096775,0.012186353906305665,-0.012154181044970588,0.0053310069930405475
5.483870967741936,3.5483870967741926,0.01857900065674,-0.01842202146768599,0.014927997481586823
5.483870967741936,2.9032258064516134,0.025021232814683617,-0.02455864980476082,0.028182185649204057
5.483870967741936,2.258064516129032,0.031559187685396416,-0.030535744566140107,0.045066919193068794
5.483870967741936,1.612903225806452,0.03824673073865744,-0.03633459979616545,0.06555750775573524
5.483870967741936,0.967741935483872,0.045132996383158284,-0.041950993290424496,0.08962301300898554
5.483870967741936,0.32258064516129,0.05221979483648138,-0.04746560029912154,0.11745235605301531
5.483870967741936,-0.32258064516129,0.05943637678333221,-0.052679988708979976,0.14958651290630917
5.483870967741936,-0.96774193548387,0.06710101076972898,-0.0580249363739077,0.18303282048317993
5.483870967741936,-1.612903225806452,0.07466695435091703,-0.06338916738905534,0.22125597057446086
5.483870967741936,-2.258064516129032,0.08215010491999052,-0.06908938961648822,0.2622311609194139
5.483870967741936,-2.903225806451613,0.08928413797931363,-0.07521015138685662,0.30749164633721277
5.483870967741936,-3.5483870967741926,0.09573825870366763,-0.08197598380238075,0.3580164373967658
5.483870967741936,-4.193548387096775,0.10132272816035857,-0.08972361406730747,0.41575341588122766
5.483870967741936,-4.838709677419354,0.10550666357343,-0.09878900428596804,0.4953561296522238
5.483870967741936,-5.483870967741936,0.10814344482635345,-0.10938135010781853,1.532381730055854
5.483870967741936,-6.129032258064514,0.10878394148925409,-0.1219373053123556,-2.709608609695645
5.483870967741936,-6.774193548387098,0.1073787791399611,-0.1367072301958442,-2.6128946778839026
5.483870967741936,-7.419354838709679,0.1038989395544174,-0.1540560798377292,-2.54979602389907
5.483870967741936,-8.064516129032256,0.09850175905508923,-0.17425806377460204,-2.49524170262476
5.483870967741936,-8.709677419354843,0.09151397425411194,-0.19749936871131785,-2.4454332373271312
5.483870967741936,-9.35483870967742,0.08340333734578084,-0.22386469573343015,-2.3996250645942903
2.903225806451613,9.35483870967742,-0.040705080073042174,0.07125368556679917,-0.19967922196751386
2.903225806451613,8.709677419354836,-0.04240884936484965,0.061449991119226374,-0.15976428184716743
2.903225806451613,8.064516129032258,-0.04185029337734599,0.052941817785324856,-0.12426258732860568
2.903225806451613,7.419354838709679,-0.039306742694648795,0.04532496871793814,-0.09366398240284347
2.903225806451613,6.7741935483871,-0.03528444258419656,0.0382736533869584,-0.06766671606763394
2.903225806451613,6.129032258064514,-0.030242084119625413,0.03156007598132935,-0.04594943419694684
2.903225806451613,5.483870967741936,-0.024544988755637143,0.025031533016219912,-0.028246418465111462
2.903225806451613,4.838709677419355,-0.018460457463754545,0.01859274404189429,-0.014353966412682218
2.903225806451613,4.193548387096775,-0.012171697780136671,0.01219326565467644,-0.004131113012715145
2.903225806451613,3.5483870967741926,-0.005809127816261213,0.005822660838337575,0.0022716685509350408
2.903225806451613,2.9032258064516134,7.737265403365279e-06,7.737265402888808e-06,-2.9085530280544464e-16
2.903225806451613,2.258064516129032,0.005824049551343999,-0.0058076309643874295,-0.0034889092766838678
2.903225806451613,1.612903225806452,0.012191606604815133,-0.012178118320434476,0.0016139683955690835
2.903225806451613,0.967741935483872,0.0185855253880047,-0.01852865320401163,0.010590427120681093
2.903225806451613,0.32258064516129,0.024964469933918768,-0.024793579505369874,0.023768775990240812
2.903225806451613,-0.32258064516129,0.031424929497268356,-0.031187215863447564,0.038753515860621
2.903225806451613,-0.96774193548387,0.03785889765755286,-0.03755839865296114,0.05722812867462183
2.903225806451613,-1.612903225806452,0.04423727890565545,-0.04404086621140743,0.07749572545012666
2.903225806451613,-2.258064516129032,0.05044769916389342,-0.0507345071472542,0.09452520406738026
2.903225806451613,-2.903225806451613,0.05646764257659155,-0.057725359326839275,-0.9306223452305978
2.903225806451613,-3.5483870967741926,0.062005282281481354,-0.06513069352336903,-2.939443157253606
2.903225806451613,-4.193548387096775,0.06686385146617582,-0.07310411830906322,-2.9167281046410825
2.903225806451613,-4.838709677419354,0.0707879381887366,-0.08192022303260685,-2.8825458934593504
2.903225806451613,-5.483870967741936,0.07348647525300521,-0.09187809795719841,-2.843424725067426
2.903225806451613,-6.129032258064514,0.07467435807501374,-0.10332366555696106,-2.800990766797588
2.903225806451613,-6.774193548387098,0.07411737313329018,-0.11664952305651567,-2.756102346678448
2.903225806451613,-7.419354838709679,0.07168885635408481,-0.13227757935558446,-2.7095274905372313
2.903225806451613,-8.064516129032256,0.06743253901007726,-0.15062523624037316,-2.6621349174539835
2.903225806451613,-8.709677419354843,0.06162412802396971,-0.17205296575027235,-2.614958856946693
2.903225806451613,-9.35483870967742,0.054889003437027344,-0.196778059761464,-2.5693433370724734
6.774193548387098,9.35483870967742,-0.02364663249502568,0.024674206896881653,-0.030369795362480072
6.774193548387098,8.709677419354836,-0.018139514304371884,0.018444461968219802,-0.01647009759883422
6.774193548387098,8.064516129032258,-0.012098800286523954,0.012154275956034336,-0.006497533340879536
6.774193548387098,7.419354838709679,-0.005805247256334004,0.005814405567132196,-0.00039773485719977574
6.774193548387098,6.7741935483871,3.5691362437381923e-06,3.5691362434861945e-06,-1.8758143186895875e-16
6.774193548387098,6.129032258064514,0.005816010739376822,-0.00580674570607159,0.00017425438311297086
6.774193548387098,5.483870967741936,0.01217318510240569,-0.012129564824510209,0.006033863841739525
6.774193548387098,4.838709677419355,0.018539384974582403,-0.018325326620757944,0.01572404490965258
6.774193548387098,4.193548387096775,0.024949627659747915,-0.024311186452876523,0.029121483699888696
6.774193548387098,3.5483870967741926,0.03147375324398948,-0.030029103195768035,0.04621296219670585
6.774193548387098,2.9032258064516134,0.038200837826008895,-0.0354290599154651,0.06698265142937766
6.774193548387098,2.258064516129032,0.0452272614914091,-0.040476494202866586,0.09139427064315651
6.774193548387098,1.612903225806452,0.052641272512215516,-0.04516256471616991,0.11937947589910415
6.774193548387098,0.967741935483872,0.06050658225195848,-0.049513124049583496,0.15082817501200463
6.774193548387098,0.32258064516129,0.06837569713995324,-0.053389123626338804,0.18937855759643937
6.774193548387098,-0.32258064516129,0.07709828116732063,-0.057127612542872235,0.22912693368779297
6.774193548387098,-0.96774193548387,0.08677633393855819,-0.06135978995436478,0.2647256422860879
6.774193548387098,-1.612903225806452,0.09599334650228465,-0.06551305490478754,0.3076867026841136
6.774193548387098,-2.258064516129032,0.10513526023303672,-0.06998149287797721,0.3537289507676986
6.774193548387098,-2.903225806451613,0.11382682327387399,-0.07506569836195925,0.40234417773119746
6.774193548387098,-3.5483870967741926,0.12167859214126168,-0.08099683355731727,0.45400707036403726
6.774193548387098,-4.193548387096775,0.12828085759430646,-0.08803486809323502,0.5094887321277674
6.774193548387098,-4.838709677419354,0.13331032010472563,-0.09661163884968862,0.568567629418503
6.774193548387098,-5.483870967741936,0.13627973567307955,-0.10691883040692127,0.6386568269566676
6.774193548387098,-6.129032258064514,0.13704831317164684,-0.11920879171283483,0.7480552830072024
6.774193548387098,-6.774193548387098,0.13553372037640665,-0.13381267794186621,1.9461314397608211
6.774193548387098,-7.419354838709679,0.13162351816869663,-0.15112403915031447,-2.583482664502168
6.774193548387098,-8.064516129032256,0.12566740674657076,-0.17114400544581232,-2.452920135659613
6.774193548387098,-8.709677419354843,0.11797534642510996,-0.194077218417882,-2.3834682408389387
6.774193548387098,-9.35483870967742,0.10900121689279392,-0.2199648620271362,-2.3301678415644513
-9.35483870967742,-9.35483870967742,-1.7031784927960119e-06,-1.7031784925048098e-06,-1.1842378929335003e-16
-9.35483870967742,-8.709677419354836,-0.005799650257005105,0.005784153196310539,3.1372476448277506
-9.35483870967742,-8.064516129032258,-0.01210163429257111,0.011997662083698561,3.1309928723199336
-9.35483870967742,-7.419354838709679,-0.018377538464159203,0.01796242330452837,3.1210427049561065
-9.35483870967742,-6.7741935483871,-0.024668702278044408,0.02352593619987068,3.107281876124355
-9.35483870967742,-6.129032258064514,-0.031075538772602353,0.028548999709415265,3.0896489366838478
-9.35483870967742,-5.483870967741936,-0.037747436233756676,0.03290169189152008,3.068097307995356
-9.35483870967742,-4.838709677419355,-0.044872285835733744,0.03647608407295401,3.0426167905644146
-9.35483870967742,-4.193548387096775,-0.05266252169034353,0.0392063319745488,3.0132644174383745
-9.35483870967742,-3.5483870967741926,-0.061336586678180476,0.041090108229519993,2.9802001155304376
-9.35483870967742,-2.9032258064516134,-0.07109293033711214,0.04220540247627143,2.9437176127494813
-9.35483870967742,-2.258064516129032,-0.08207612637052066,0.0427162128234781,2.904254074261601
-9.35483870967742,-1.612903225806452,-0.0943414102620349,0.04285586261449649,2.8623548079787886
-9.35483870967742,-0.967741935483872,-0.10782632838595282,0.04290526876748906,2.818601459190182
-9.35483870967742,-0.32258064516129,-0.12229565985058401,0.043170068155342946,2.77360814551014
-9.35483870967742,0.32258064516129,-0.13737400885961548,0.04377496831965802,2.728281317732622
-9.35483870967742,0.96774193548387,-0.15297112750535266,0.044978293241184006,2.681283655353897
-9.35483870967742,1.612903225806452,-0.16810767395804152,0.046933288248817,2.635229827704526
-9.35483870967742,2.258064516129032,-0.18267913415135398,0.04934898727042822,2.587653015185418
-9.35483870967742,2.903225806451613,-0.19596619521301972,0.052817224525627475,2.5394651760479494
-9.35483870967742,3.5483870967741926,-0.20751417681681578,0.0573396529745618,2.4905864213951294
-9.35483870967742,4.193548387096775,-0.21676185053024863,0.06313644904619459,2.441089812626669
-9.35483870967742,4.838709677419354,-0.2233293562343676,0.07049623523496837,2.390815103113852
-9.35483870967742,5.483870967741936,-0.2269433445769152,0.07968276294917839,2.3395320278138976
-9.35483870967742,6.129032258064514,-0.2274627117967886,0.09091694197199549,2.2868657948498816
-9.35483870967742,6.774193548387098,-0.22491984876954518,0.10439818074382132,2.231746609456145
-9.35483870967742,7.419354838709679,-0.21951546585491202,0.12029805045378301,2.171146716347739
-9.35483870967742,8.064516129032256,-0.21159515002985768,0.13873889829106148,2.095274542126227
-9.35483870967742,8.709677419354843,-0.2016085961210867,0.15978067497063078,1.9565446504913733
-9.35483870967742,9.35483870967742,-0.1900568095843246,0.18341991835318436,0.19232953021141028
-8.064516129032258,-9.35483870967742,0.011997612797110601,-0.012101652918147077,-3.1309926259869014
-8.064516129032258,-8.709677419354836,0.005787403366590575,-0.0058027535435083415,-3.137112783967075
-8.064516129032258,-8.064516129032258,-2.069939315912465e-06,-2.0699393161535914e-06,1.1842378929335003e-16
-8.064516129032258,-7.419354838709679,-0.005805681737976611,0.005790415527899038,3.1369554606008148
-8.064516129032258,-6.7741935483871,-0.01213443321321737,0.012042720857652022,3.130682867623866
-8.064516129032258,-6.129032258064514,-0.018467817545789782,0.01811157220436394,3.1207637703925246
-8.064516129032258,-5.483870967741936,-0.024846174616569898,0.023884813803343345,3.1071026101384915
-8.064516129032258,-4.838709677419355,-0.03135521409526626,0.02926604878294873,3.0896775571405444
-8.064516129032258,-4.193548387096775,-0.03811442622179883,0.03416843918563555,3.0684821899115975
-8.064516129032258,-3.5483870967741926,-0.04526472491163888,0.038523202765949685,3.043539025153198
-8.064516129032258,-2.9032258064516134,-0.05295296951931711,0.04229297853185357,3.014918674066615
-8.064516129032258,-2.258064516129032,-0.06131408625618537,0.04548482243223154,2.982759570434291
-8.064516129032258,-1.612903225806452,-0.07045003792338157,0.048159362977328375,2.9472818876776534
-8.064516129032258,-0.967741935483872,-0.08040637711413615,0.05043304431447786,2.9087876739264087
-8.064516129032258,-0.32258064516129,-0.09113672717861793,0.05246801654593929,2.8676045474924794
-8.064516129032258,0.32258064516129,-0.10254012752801757,0.05446857316791309,2.824155663310951
-8.064516129032258,0.96774193548387,-0.11438211963945542,0.05666579598494749,2.778915273198178
-8.064516129032258,1.612903225806452,-0.12631349734532,0.05926707039946892,2.732008756779257
-8.064516129032258,2.258064516129032,-0.13794633954735533,0.06249561488778302,2.6836779740541647
-8.064516129032258,2.903225806451613,-0.1488261484169768,0.06657161730166586,2.63400123695185
-8.064516129032258,3.5483870967741926,-0.15847712635504532,0.07171575262554271,2.5829277173703855
-8.064516129032258,4.193548387096775,-0.1664356533263525,0.07816181653978559,2.5302521987561257
-8.064516129032258,4.838709677419354,-0.1722864900126444,0.08615686792538334,2.4755040974894738
-8.064516129032258,5.483870967741936,-0.17570132362124039,0.09595958721106684,2.417619359119668
-8.064516129032258,6.129032258064514,-0.17647583304752418,0.10783083503648631,2.3538807109002615
-8.064516129032258,6.774193548387098,-0.17455915594620627,0.12201676856376974,2.2757601001273366
-8.064516129032258,7.419354838709679,-0.17006731184010496,0.13872763231009203,2.1421956089959036
-8.064516129032258,8.064516129032256,-0.16327346672746976,0.15811709292269374,0.6025941400329927
-8.064516129032258,8.709677419354843,-0.1544593947644028,0.18022821473630496,-0.677833564465837
-8.064516129032258,9.35483870967742,-0.14434270414792602,0.2052756350243335,-0.8289021512762675
-2.258064516129032,-9.35483870967742,0.04070847522621482,-0.08297905647023592,-2.8967471782657563
-2.258064516129032,-8.709677419354836,0.0436694851010987,-0.07150883942768588,-2.9393906740707676
-2.258064516129032,-8.064516129032258,0.04448092133058285,-0.06172361166343418,-2.978568390028848
-2.258064516129032,-7.419354838709679,0.043107693455228954,-0.05320726014450181,-3.0128997199066396
-2.258064516129032,-6.7741935483871,0.03999451809305305,-0.04554662941269523,-3.042501783342902
-2.258064516129032,-6.129032258064514,0.0356078585115446,-0.038438828459873044,-3.067608618854249
-2.258064516129032,-5.483870967741936,0.030355248393391772,-0.03167004226268084,-3.088469225076548
-2.258064516129032,-4.838709677419355,0.02455564969842931,-0.025095228646606748,-3.1052859060399722
-2.258064516129032,-4.193548387096775,0.018437749256468648,-0.01862320316391396,-3.1182055473863426
-2.258064516129032,-3.5483870967741926,0.012152291534652608,-0.01220342271933641,-3.127320123413415
-2.258064516129032,-2.9032258064516134,0.0058024476054739085,-0.0058249319080576605,-3.1328777824936815
-2.258064516129032,-2.258064516129032,-8.817319808595778e-06,-8.817319808340426e-06,-2.3684757858670006e-16
-2.258064516129032,-1.612903225806452,-0.00582779692190464,0.00580024867440788,3.130849451547443
-2.258064516129032,-0.967741935483872,-0.012206541955936819,0.012162921581662671,3.1229516768545826
-2.258064516129032,-0.32258064516129,-0.018627449221597207,0.018527460297306265,3.1110142785176693
-2.258064516129032,0.32258064516129,-0.025067724009017352,0.0248993464682107,3.0940192574502983
-2.258064516129032,0.96774193548387,-0.03149835389359866,0.03130316361729593,3.0698398365482147
-2.258064516129032,1.612903225806452,-0.03784938634401813,0.03778042265884692,3.0283757293144267
-2.258064516129032,2.258064516129032,-0.04407751014019946,0.04438776124905574,1.6053155773444192
-2.258064516129032,2.903225806451613,-0.0500266442941056,0.05119666574628839,-0.07857647750232921
-2.258064516129032,3.5483870967741926,-0.05555671078476947,0.05841433399820358,-0.1296253904808552
-2.258064516129032,4.193548387096775,-0.06060408709466101,0.06619733334241804,-0.16751446324980332
-2.258064516129032,4.838709677419354,-0.06474799539170759,0.07467135271325002,-0.20669083505387623
-2.258064516129032,5.483870967741936,-0.06767441748102992,0.08414307416365299,-0.24830480933558308
-2.258064516129032,6.129032258064514,-0.06929143172088814,0.09497484992554649,-0.29060927395098374
-2.258064516129032,6.774193548387098,-0.06914465892856976,0.10750938483320395,-0.33564306159564966
-2.258064516129032,7.419354838709679,-0.06712409652947535,0.12220469859263071,-0.3824172990078851
-2.258064516129032,8.064516129032256,-0.0632374621551924,0.1395068985111593,-0.43021389956887107
-2.258064516129032,8.709677419354843,-0.05772562949029534,0.15982835890396335,-0.4781360719521447
-2.258064516129032,9.35483870967742,-0.0513837047842185,0.18349029783999,-0.5250520775539996
