-7.548387096774192,8.709677419354843,-0.1593095452715002,0.162611320506767,-0.20336556220160523
-7.548387096774192,9.870967741935488,-0.16816420569282423,0.17672935968465972,-0.2326889281501865
-7.548387096774192,11.03225806451613,-0.17559286858566422,0.19198794051683285,-0.26387842928866473
-7.548387096774192,12.193548387096772,-0.18131613099251728,0.2086792077530139,-0.2964491141309548
-7.548387096774192,13.354838709677416,-0.18515298039662106,0.22727151764948086,-0.3289640267670625
-7.548387096774192,14.516129032258057,-0.1866697901225093,0.24799152907031996,-0.3633124595351077
-7.548387096774192,15.677419354838717,-0.18570555280042722,0.27128127685662945,-0.39857815426375526
-7.548387096774192,16.83870967741936,-0.18210245658607624,0.29755704612218814,-0.43460984651956297
-7.548387096774192,18.0,-0.17585120407460547,0.32722731227105556,-0.4710748303890657
13.354838709677416,18.0,-0.044627776848060005,0.0453909459309715,-0.019921742975628615
13.354838709677416,16.838709677419356,-0.03366425040722268,0.03391048635632601,-0.011645581848073154
13.354838709677416,15.677419354838714,-0.02237329628442584,0.022422671325729785,-0.005373949552973757
13.354838709677416,14.516129032258057,-0.017687801204148472,0.01768978886015795,-0.0017172124625001908
13.354838709677416,13.354838709677416,-2.443242993772493e-05,-8.003478520039742e-06,0.00013218183177140177
13.354838709677416,12.19354838709677,0.017675824703076777,-0.01767377807680418,0.0016896211494065066
13.354838709677416,11.032258064516128,0.022432491176101473,-0.022393458584561002,0.005167579810972997
13.354838709677416,9.870967741935486,0.03396112907827805,-0.033778463391075673,0.011341191675478968
13.354838709677416,8.709677419354836,0.04553796318593189,-0.04501571170359983,0.019503498263860043
13.354838709677416,7.548387096774192,0.05721041797998421,-0.056049831262850354,0.02965992513927951
13.354838709677416,6.38709677419355,0.06903631339258813,-0.06683318085108488,0.041811067868639896
13.354838709677416,5.225806451612902,0.08107694346036236,-0.07732974407793822,0.055950813575884134
13.354838709677416,4.064516129032256,0.09339010366269687,-0.08751922963442439,0.07206427057862272
13.354838709677416,2.903225806451613,0.10602280402850209,-0.09740096453435149,0.09012595337141424
13.354838709677416,1.741935483870968,0.11900369216457228,-0.10699725603870788,0.11009851204246597
13.354838709677416,0.5806451612903203,0.13226233543269614,-0.11635018200835433,0.1322774103567211
13.354838709677416,-0.5806451612903238,0.14593936152624484,-0.12555382264255496,0.15581239865524432
13.354838709677416,-1.741935483870968,0.15988894877322254,-0.1346897991931348,0.18092973940457144
13.354838709677416,-2.903225806451616,0.17392311323294898,-0.14389949891577156,0.20794265648054333
13.354838709677416,-4.064516129032258,0.18792460781673562,-0.1533299230089152,0.23656241447316492
13.354838709677416,-5.225806451612902,0.20167722827389944,-0.16315865896565568,0.2667486702686154
13.354838709677416,-6.387096774193552,0.21491585874978597,-0.17368459871856914,0.29802896000665685
13.354838709677416,-7.548387096774193,0.22733627724652905,-0.18503153173586293,0.33082258022253513
13.354838709677416,-8.709677419354843,0.2385983186295881,-0.19742583078293516,0.36538872355356655
13.354838709677416,-9.870967741935488,0.2483500697739004,-0.21136369524205054,0.40032167691437137
13.354838709677416,-11.03225806451613,0.25613525421904476,-0.22678823102192414,0.44028786160607825
13.354838709677416,-12.193548387096772,0.26188814518151315,-0.2445069504848119,0.47901814178969754
-9.870967741935486,11.03225806451613,-0.2029387435105755,0.21126143302859982,-0.3235940534710395
-9.870967741935486,12.193548387096772,-0.20833055803741315,0.22863260044347625,-0.3607378662555943
-9.870967741935486,13.354838709677416,-0.21162566189860443,0.24813257702349914,-0.3955788790221815
-9.870967741935486,14.516129032258057,-0.21235852037583464,0.27004330309028945,-0.4323307790613014
-9.870967741935486,15.677419354838717,-0.2106350951541898,0.2947269995800335,-0.46857799300809816
-9.870967741935486,16.83870967741936,-0.20613818215240787,0.32259948096025587,-0.5055093804662677
-9.870967741935486,18.0,-0.1990203260298672,0.35404875837802513,-0.5421700398902108
-12.19354838709677,13.354838709677416,-0.2449788906327038,0.26142500939465496,-0.45945800246784824
-12.19354838709677,14.516129032258057,-0.24528030888310998,0.28384503519775944,-0.5038605379025033
-12.19354838709677,15.677419354838717,-0.2431777157993135,0.30942414945978763,-0.5390456841412926
-12.19354838709677,16.83870967741936,-0.2380904039054455,0.33821120933118515,-0.5767214344627012
-12.19354838709677,18.0,-0.23020464328191023,0.3706399410672697,-0.6141515383389992
15.677419354838717,18.0,-0.022350156479827098,0.02240989884259071,-0.005524171780883793
15.677419354838717,16.838709677419356,-0.017718684215183876,0.017720586075199204,-0.0017602317977755933
15.677419354838717,15.677419354838714,-4.5251206425329925e-05,-8.543811646941994e-06,0.00012948962206337476
15.677419354838717,14.516129032258057,0.017704708515970183,-0.017702768048298616,0.001740440809457541
15.677419354838717,13.354838709677416,0.022422671326020095,-0.022373296284716855,0.0053739495529276805
15.677419354838717,12.19354838709677,0.03392983919614796,-0.03370482169641412,0.011559895080456002
15.677419354838717,11.032258064516128,0.04547600273327449,-0.04483399828347035,0.019742072656773597
15.677419354838717,9.870967741935486,0.057117819649081594,-0.05568390105254759,0.02993213887000729
15.677419354838717,8.709677419354836,0.06892901582748129,-0.06618392232156162,0.042137593053163086
15.677419354838717,7.548387096774192,0.08099376895834533,-0.07627423286351581,0.05635891089010718
15.677419354838717,6.38709677419355,0.0933999107937491,-0.08591066762693549,0.07258641265921277
15.677419354838717,5.225806451612902,0.10623156715964434,-0.09506956510797118,0.09079729323886426
15.677419354838717,4.064516129032256,0.11956112850136288,-0.10375210105642221,0.11095322380625067
15.677419354838717,2.903225806451613,0.1334406051312937,-0.11198772107908668,0.13299886424736096
15.677419354838717,1.741935483870968,0.14789259827652282,-0.11983634339073844,0.15686155559140735
15.677419354838717,0.5806451612903203,0.16283610741427884,-0.12735253550631634,0.18268517103473256
15.677419354838717,-0.5806451612903238,0.1783104409553505,-0.13468567424535946,0.21007508649839277
15.677419354838717,-1.741935483870968,0.194290432158218,-0.1421214852497109,0.23840336978449497
15.677419354838717,-2.903225806451616,0.21038368935160517,-0.1496274717808093,0.2685326186538436
15.677419354838717,-4.064516129032258,0.22645771738653456,-0.15748174881438642,0.2999442536800027
15.677419354838717,-5.225806451612902,0.24222903101133372,-0.16590123334554682,0.3325252253613527
15.677419354838717,-6.387096774193552,0.25736641439494107,-0.1751192794783993,0.3661700405336382
15.677419354838717,-7.548387096774193,0.27150230442469264,-0.18538319582966753,0.400787047204903
15.677419354838717,-8.709677419354843,0.28427480177739617,-0.19684993775253276,0.4367857898256917
15.677419354838717,-9.870967741935488,0.29518855746849887,-0.21011763080688375,0.4726341033219138
15.677419354838717,-11.03225806451613,0.30396776296601297,-0.22515001464396048,0.5097865417717286
15.677419354838717,-12.193548387096772,0.3102209350787991,-0.24237122154667512,0.5478433530875475
15.677419354838717,-13.354838709677416,0.3136511239587359,-0.26187854048606307,0.590022745840039
15.677419354838717,-14.516129032258057,0.31411663001065093,-0.2845691352091019,0.6325068110720663
1.741935483870968,18.0,-0.12466847314984891,0.1842582401952903,-0.20644392823542787
1.741935483870968,16.838709677419356,-0.12336830011497937,0.1641968807684099,-0.18346852214582673
1.741935483870968,15.677419354838714,-0.11980891320980756,0.1479127753593523,-0.15691755396024284
1.741935483870968,14.516129032258057,-0.11422549793669635,0.13295334297417621,-0.13247380773182613
1.741935483870968,13.354838709677416,-0.10699201522417692,0.1190075461613546,-0.11011227228122857
1.741935483870968,12.19354838709677,-0.09845641772766753,0.1058226033114798,-0.08979422309358596
1.741935483870968,11.032258064516128,-0.0889264825603825,0.09319597370604636,-0.07147671786543117
1.741935483870968,9.870967741935486,-0.07866389811910249,0.08096767203685099,-0.05511742863669069
1.741935483870968,8.709677419354836,-0.06788348461057364,0.06901364557206442,-0.04067640650858316
1.741935483870968,7.548387096774192,-0.056755856635247515,0.05724033053056175,-0.028114265807809815
1.741935483870968,6.38709677419355,-0.04541257933453614,0.04558051534902605,-0.01738361666003788
1.741935483870968,5.225806451612902,-0.03395139120524656,0.033989406138434965,-0.008415631021002264
1.741935483870968,4.064516129032256,-0.02243770724819439,0.02243859198841692,-0.0011158180011418193
1.741935483870968,2.903225806451613,-0.01737756285519475,0.01743335277025375,-0.0004809191580415099
1.741935483870968,1.741935483870968,7.36239944924208e-05,-0.0003493076818787036,-0.0067772493405833115
1.741935483870968,0.5806451612903203,0.017592573221723397,-0.01758728172350211,-0.0017013824723465154
1.741935483870968,-0.5806451612903238,0.022415070752934262,-0.022398162473910983,-0.01875902309130427
-5.225806451612902,6.387096774193552,-0.11439685340586615,0.11526245339860232,-0.10115324790103787
-5.225806451612902,7.548387096774193,-0.12500351552367764,0.12751675846400953,-0.12973522465941853
-5.225806451612902,8.709677419354843,-0.135054029626349,0.14054099759182473,-0.15248655930242536
-5.225806451612902,9.870967741935488,-0.14413990191261097,0.15414460396864507,-0.17868430820877515
-5.225806451612902,11.03225806451613,-0.1520584702959452,0.1686835241530256,-0.2062814710913553
-5.225806451612902,12.193548387096772,-0.15855471293045492,0.1844278798329236,-0.23519351463634267
-5.225806451612902,13.354838709677416,-0.16320096260578712,0.20168306822181278,-0.2659886939600478
-5.225806451612902,14.516129032258057,-0.16584092547613144,0.22079337316963538,-0.2979064661336493
-5.225806451612902,15.677419354838717,-0.16607231873737677,0.24216075592811806,-0.33137054112944586
-5.225806451612902,16.83870967741936,-0.1637294846907606,0.26620878595873115,-0.36601209077755714
-5.225806451612902,18.0,-0.15871515406162912,0.2933834088358995,-0.4015674336111394
-1.741935483870968,2.903225806451616,-0.045491726525499536,0.04550756252716412,0.001002583673347849
-1.741935483870968,4.064516129032258,-0.05702566010849888,0.057118150647439254,-0.020488485256651347
-1.741935483870968,5.225806451612902,-0.06839121718841526,0.0687654122361951,-0.03718917731416415
-1.741935483870968,6.387096774193552,-0.0796203361194142,0.0805495502703557,-0.053223179801560966
-1.741935483870968,7.548387096774193,-0.0906694293506884,0.09256185204180618,-0.06973483781538865
-1.741935483870968,8.709677419354843,-0.10120569837804418,0.10483391250167257,-0.08840693296769456
-1.741935483870968,9.870967741935488,-0.11104653560854845,0.11750045396941183,-0.10913919260372866
-1.741935483870968,11.03225806451613,-0.12011658836542848,0.13077294275389845,-0.13125717328670444
-1.741935483870968,12.193548387096772,-0.1281565605099568,0.14484086790903414,-0.15490795682297792
-1.741935483870968,13.354838709677416,-0.1346908905372801,0.15990620053436205,-0.18076404265853116
-1.741935483870968,14.516129032258057,-0.13947105676650332,0.17628005251504822,-0.208488590699684
-1.741935483870968,15.677419354838717,-0.14216585156169906,0.19430518020878249,-0.2380351384032398
-1.741935483870968,16.83870967741936,-0.14246494468896476,0.21437822988196817,-0.26932211857407834
-1.741935483870968,18.0,-0.14012172824933214,0.23694737177338546,-0.3022056460206238
18.0,18.0,-0.0001432858360792035,-0.0001432858360792035,0.0
18.0,16.838709677419356,0.01773741879331132,-0.017735548978968972,0.001777265524326164
18.0,15.677419354838714,0.022409928346160173,-0.022350186017139496,0.0055241725407089775
18.0,14.516129032258057,0.033888651973117696,-0.03362116659698193,0.011720121989260384
18.0,13.354838709677416,0.045390402495511434,-0.044628121783550495,0.01992261977507556
18.0,12.19354838709677,0.05697873602217946,-0.0552697585218563,0.030151294847055303
18.0,11.032258064516128,0.0687410853747241,-0.06544946656780498,0.042422723730442556
18.0,9.870967741935486,0.08078268002020228,-0.07508052184192371,0.05674655630214276
18.0,8.709677419354836,0.09322022015753517,-0.08409208809898101,0.07312117432893371
18.0,7.548387096774192,0.10617476395409525,-0.09243549653098145,0.09152928088819054
18.0,6.38709677419355,0.119763509979812,-0.1000901831392682,0.1119339272033825
18.0,5.225806451612902,0.1340903278738155,-0.10706863719720087,0.1342755069734519
18.0,4.064516129032256,0.14923514399288945,-0.11341970736429628,0.1584702937967878
18.0,2.903225806451613,0.16524264023155233,-0.11922969652413491,0.18441105645373396
18.0,1.741935483870968,0.18211108196191816,-0.12462092271480273,0.2119700453459457
18.0,0.5806451612903203,0.1995807496463759,-0.12954981553087158,0.24191101806267473
18.0,-0.5806451612903238,0.21789911320300917,-0.1344858136677694,0.2727161329817832
18.0,-1.741935483870968,0.23698602903887758,-0.13994842686455491,0.30290364921462126
18.0,-2.903225806451616,0.25606759183367145,-0.14544320950675463,0.3354624106881785
18.0,-4.064516129032258,0.2750733451568316,-0.1514881671715256,0.3689268191170715
18.0,-5.225806451612902,0.2936302868371364,-0.15831442105466564,0.4031759762958001
18.0,-6.387096774193552,0.31132811966650303,-0.16615454161769252,0.4381099012101384
18.0,-7.548387096774193,0.32773096310164174,-0.1752466604994383,0.4736399455861749
18.0,-8.709677419354843,0.3423959050699138,-0.185835831384275,0.5096865283002368
18.0,-9.870967741935488,0.35489551670156666,-0.1981713716514984,0.5461959311392043
18.0,-11.03225806451613,0.3648008932001332,-0.21249845558778813,0.5832710774820201
18.0,-12.193548387096772,0.37191196222193396,-0.2289363834234255,0.6212993096838504
18.0,-13.354838709677416,0.3756829547538631,-0.2483836695037468,0.6574912765567473
18.0,-14.516129032258057,0.3761991956511762,-0.2704133384573816,0.6953134507445324
18.0,-15.677419354838717,0.3733977253589298,-0.29496631023781067,0.7402639398347314
18.0,-16.83870967741936,0.3671158870560793,-0.3240006136041952,0.7781053736080769
0.5806451612903238,18.0,-0.12975821963596856,0.20209948877418077,-0.23461657003083775
0.5806451612903238,16.838709677419356,-0.12963343319359044,0.18027096709027562,-0.21144498653802868
0.5806451612903238,15.677419354838714,-0.12730848207723516,0.16287190368614482,-0.18277169069116106
0.5806451612903238,14.516129032258057,-0.12275512173884787,0.1469944350661936,-0.15637307690813979
0.5806451612903238,13.354838709677416,-0.11633923539999698,0.13227067679931812,-0.13230651021825315
0.5806451612903238,12.19354838709677,-0.10835879584351371,0.11826775159328037,-0.11114197633284302
0.5806451612903238,11.032258064516128,-0.0992150057370113,0.10507805617250225,-0.09129986679462974
0.5806451612903238,9.870967741935486,-0.0895549341865812,0.09302852150344912,-0.07110693625422508
0.5806451612903238,8.709677419354836,-0.07903300873008083,0.08086277491298063,-0.05471360431336655
0.5806451612903238,7.548387096774192,-0.06806607629935552,0.0689277611150352,-0.04031195486908707
0.5806451612903238,6.38709677419355,-0.056517170735975245,0.05646679923127788,-0.03171350010624985
0.5806451612903238,5.225806451612902,-0.045384240649547915,0.04552549070793912,-0.0165510878277897
0.5806451612903238,4.064516129032256,-0.03391027079577421,0.03395092202374113,-0.006795127020403116
0.5806451612903238,2.903225806451613,-0.02241211087848997,0.022419781656576335,0.0021218010878032664
0.5806451612903238,1.741935483870968,-0.01758728172350205,0.017592573221723397,0.001701382472346744
0.5806451612903238,0.5806451612903203,-8.659031484401456e-05,-0.00016225448799650488,-0.07136061372206177
12.193548387096772,18.0,-0.05526590749479824,0.05698485207226003,-0.030142918586681344
12.193548387096772,16.838709677419356,-0.04473410222120367,0.045436173598540505,-0.019837696951459035
12.193548387096772,15.677419354838714,-0.03370482169640763,0.033929839196148066,-0.011559895080506099
12.193548387096772,14.516129032258057,-0.022383746643692293,0.02242794693305459,-0.005279623837155509
12.193548387096772,13.354838709677416,-0.017673778076804023,0.01767582470307668,-0.0016896211494064834
12.193548387096772,12.19354838709677,-1.948607770307642e-05,-7.385591449012019e-06,0.00013278519320791902
12.193548387096772,11.032258064516128,0.017662804726665652,-0.01766068202141479,0.001656374502937452
12.193548387096772,9.870967741935486,0.02243630222164074,-0.02240242856712653,0.00503220181902714
12.193548387096772,8.709677419354836,0.03397307711225085,-0.03381154755455424,0.011197378711551915
12.193548387096772,7.548387096774192,0.04556014874892594,-0.045097605454189296,0.019348476884721025
12.193548387096772,6.38709677419355,0.057239491077155244,-0.056215023381771374,0.029488435442550975
12.193548387096772,5.225806451612902,0.06906019889206846,-0.06712661639147818,0.04161514415727073
12.193548387096772,4.064516129032256,0.08107148811807317,-0.07780726616144719,0.05572005157060844
12.193548387096772,2.903225806451613,0.09331572395001456,-0.08824773399963277,0.0717865766006532
12.193548387096772,1.741935483870968,0.10582125066076212,-0.09845822272216541,0.08978877904279361
12.193548387096772,0.5806451612903203,0.11826445324866912,-0.10836361656270818,0.11112533382653016
12.193548387096772,-0.5806451612903238,0.13143653549091958,-0.11830091024457906,0.13234200062180954
12.193548387096772,-1.741935483870968,0.14482829707332215,-0.1281602415176217,0.15501156562302873
12.193548387096772,-2.903225806451616,0.15812570328306882,-0.1379740000875674,0.1805446401792733
12.193548387096772,-4.064516129032258,0.17138360479250814,-0.14803651935902565,0.20756069709170294
12.193548387096772,-5.225806451612902,0.18441259974499224,-0.1585425601833764,0.23579808310795006
12.193548387096772,-6.387096774193552,0.19696247200212963,-0.1695250864224965,0.2659410871933722
12.193548387096772,-7.548387096774193,0.20868912910186602,-0.18124429668121766,0.2983785779104966
12.193548387096772,-8.709677419354843,0.21948138806359316,-0.19410983414835012,0.33055321900645823
12.193548387096772,-9.870967741935488,0.2287589804201156,-0.20814794988846394,0.3669194167675556
12.193548387096772,-11.03225806451613,0.23637429961520384,-0.22391750485313494,0.4038308802450585
-14.516129032258057,15.677419354838717,-0.28569613617646805,0.31296539734956585,-0.6018460694213366
-14.516129032258057,16.83870967741936,-0.2798304368562141,0.3420027932510036,-0.6494399692722664
-14.516129032258057,18.0,-0.27182707996580174,0.3746265972997391,-0.6835607070791915
14.516129032258057,18.0,-0.03362116371666316,0.03388865816769733,-0.011720103307858243
14.516129032258057,16.838709677419356,-0.02236210920892968,0.022416665103010887,-0.005454510962054269
14.516129032258057,15.677419354838714,-0.017702768048298276,0.017704708515970505,-0.0017404408094575665
14.516129032258057,14.516129032258057,-3.176610089609122e-05,-8.564784265446823e-06,0.00013053517539225238
14.516129032258057,13.354838709677416,0.017689788860158092,-0.017687801204148246,0.0017172124625001752
14.516129032258057,12.19354838709677,0.02242794693333822,-0.02238374664397641,0.005279623837160619
14.516129032258057,11.032258064516128,0.0339467180005549,-0.03374289001679586,0.011459904408372322
14.516129032258057,9.870967741935486,0.04550992286264628,-0.044927854569618,0.019632302790813495
14.516129032258057,8.709677419354836,0.05716988544845396,-0.05587282831356258,0.02980514639248697
14.516129032258057,7.548387096774192,0.06899264187148504,-0.06651904273643063,0.04198222322084558
14.516129032258057,6.38709677419355,0.08105114514303267,-0.07681892900892807,0.05616041193172468
14.516129032258057,5.225806451612902,0.09341834739324484,-0.08674057342032213,0.07232709787297016
14.516129032258057,4.064516129032256,0.10615984308025658,-0.09627202999255381,0.09045781230390221
14.516129032258057,2.903225806451613,0.11932604442447711,-0.10542510236405024,0.11051445430119178
14.516129032258057,1.741935483870968,0.1329439959127024,-0.11423829568481556,0.13244432921023838
14.516129032258057,0.5806451612903203,0.1469763134704062,-0.12277823034795685,0.15632090522712982
14.516129032258057,-0.5806451612903238,0.1614326643471264,-0.1311240236651968,0.18183627049919662
14.516129032258057,-1.741935483870968,0.1762606991007226,-0.13945598636169926,0.2087409434163634
14.516129032258057,-2.903225806451616,0.19121598285845115,-0.14787150561164975,0.23737582645323282
14.516129032258057,-4.064516129032258,0.20614992754261846,-0.15656763665882073,0.26744712355327943
14.516129032258057,-5.225806451612902,0.22081646740263197,-0.16574541450254143,0.2988581085312944
14.516129032258057,-6.387096774193552,0.23492026289657666,-0.1755963137224941,0.3316479177537212
14.516129032258057,-7.548387096774193,0.24812063213371402,-0.18646005872288246,0.3653410331599929
14.516129032258057,-8.709677419354843,0.2600504888267682,-0.19851109938845207,0.400261056196065
14.516129032258057,-9.870967741935488,0.27036146070926587,-0.21200806598000246,0.4364591770862438
14.516129032258057,-11.03225806451613,0.27863177143408097,-0.22739220763389437,0.47327227019435925
14.516129032258057,-12.193548387096772,0.2844865414412918,-0.24466264747173985,0.514871437712928
14.516129032258057,-13.354838709677416,0.2878354973865269,-0.2646876312462717,0.555876255029944
2.903225806451616,18.0,-0.11913597341276873,0.16692945025098477,-0.18053980340037457
2.903225806451616,16.838709677419356,-0.11668627204517766,0.14865768408019375,-0.1576838877561523
2.903225806451616,15.677419354838714,-0.11197246068048695,0.13345086321841634,-0.13303119089218732
2.903225806451616,14.516129032258057,-0.105418871905782,0.11933025541326,-0.11052937586084745
2.903225806451616,13.354838709677416,-0.09739881320327252,0.10602428252850779,-0.09013185905653746
2.903225806451616,12.19354838709677,-0.08824714248483181,0.09331614135413947,-0.07178846188977482
2.903225806451616,11.032258064516128,-0.07825188229918903,0.0810351182823512,-0.05545201016608795
2.903225806451616,9.870967741935486,-0.06765222601665638,0.06904910263379174,-0.04108117257028696
2.903225806451616,8.709677419354836,-0.05664033063317523,0.05725833644706945,-0.028641144922452615
2.903225806451616,7.548387096774192,-0.045365309087781844,0.04559026397668278,-0.018102505078106276
2.903225806451616,6.38709677419355,-0.03393846767371181,0.03399523376408065,-0.00943769208370812
2.903225806451616,5.225806451612902,-0.022438641682034223,0.022442621585066255,-0.0026155770272883257
2.903225806451616,4.064516129032256,-0.01750907416456315,0.017529101721380638,-0.0008830501201070575
2.903225806451616,2.903225806451613,-8.099420570891376e-06,-2.9314986618866427e-05,-0.002132400615551554
2.903225806451616,1.741935483870968,0.017433352770253884,-0.0173775628551948,0.00048091915804201416
2.903225806451616,0.5806451612903203,0.022419781656480977,-0.022412110878395276,-0.002121801087828377
2.903225806451616,-0.5806451612903238,0.03395093159346862,-0.03392496644545449,0.0009443983885770916
2.903225806451616,-1.741935483870968,0.04550756252075986,-0.04549172652962676,-0.0010025828594698168
-16.838709677419356,18.0,-0.32569231718051866,0.3653277264944938,-0.7426370827158955
11.03225806451613,18.0,-0.06543416728811627,0.06876760376900069,-0.04238658587889939
11.03225806451613,16.838709677419356,-0.05548292167548174,0.057054135821631546,-0.03004628371334849
11.03225806451613,15.677419354838714,-0.044833998264037646,0.04547600273701942,-0.01974207275508897
11.03225806451613,14.516129032258057,-0.033742890016790546,0.03394671800055512,-0.011459904408419706
11.03225806451613,13.354838709677416,-0.022393458584283328,0.022432491175824274,-0.005167579810966339
11.03225806451613,12.19354838709677,-0.01766068202141483,0.017662804726666204,-0.0016563745029375017
11.03225806451613,11.032258064516128,-1.577343594435232e-05,-6.863711544024172e-06,0.000130416472086786
11.03225806451613,9.870967741935486,0.017650700784423583,-0.017648475463717235,0.0016156131617880035
11.03225806451613,8.709677419354836,0.02243937632407289,-0.022410649751183554,0.004865238035984672
11.03225806451613,7.548387096774192,0.03398256410868686,-0.033842144100098816,0.011018906158481173
11.03225806451613,6.38709677419355,0.04557649903774547,-0.045173564192646704,0.019156239763980214
11.03225806451613,5.225806451612902,0.0572571652088125,-0.05636850197624075,0.02927807582111189
11.03225806451613,4.064516129032256,0.06906443538634634,-0.0673995919107749,0.04138002548502239
11.03225806451613,2.903225806451613,0.08103503369639282,-0.07825199836657033,0.05545157268536311
11.03225806451613,1.741935483870968,0.09319559446088575,-0.0889269742645873,0.07147500462818211
11.03225806451613,0.5806451612903203,0.10507678646538614,-0.09921638819186328,0.09129621415459287
11.03225806451613,-0.5806451612903238,0.11742586219889008,-0.10953768896889361,0.11246736345967341
11.03225806451613,-1.741935483870968,0.13076567799791367,-0.12012040839283641,0.13131936500624733
11.03225806451613,-2.903225806451616,0.14352231258618822,-0.13056869123111914,0.15465819321977667
11.03225806451613,-4.064516129032258,0.1562152885211058,-0.1411929641848892,0.17967623094319643
11.03225806451613,-5.225806451612902,0.16866773594202264,-0.15205790265747185,0.20677837071809665
11.03225806451613,-6.387096774193552,0.18067745140429764,-0.16347702406330894,0.2352168746326214
11.03225806451613,-7.548387096774193,0.19198951182557292,-0.17557469955721697,0.2654623099751289
11.03225806451613,-8.709677419354843,0.20231178399911767,-0.18860206353016817,0.29775284555636006
11.03225806451613,-9.870967741935488,0.21133871663829165,-0.20285714803284394,0.33215769425206443
9.870967741935488,18.0,-0.0750392685934476,0.08086282039377791,-0.056634796601475496
9.870967741935488,16.838709677419356,-0.06582747570481838,0.06884525000481384,-0.042283175097614256
9.870967741935488,15.677419354838714,-0.055683899361398066,0.05711782019522695,-0.029932145202900433
9.870967741935488,14.516129032258057,-0.044927854552924605,0.04550992286695182,-0.019632302883807885
9.870967741935488,13.354838709677416,-0.0337784633910712,0.03396112907827829,-0.011341191675524043
9.870967741935488,12.19354838709677,-0.022402428566855318,0.02243630222136983,-0.005032201819019874
9.870967741935488,11.032258064516128,-0.017648475463717235,0.01765070078442266,-0.001615613161787991
9.870967741935488,9.870967741935486,-1.283062550850265e-05,-6.527704993537775e-06,0.00012192168861607401
9.870967741935488,8.709677419354836,0.017639449582340552,-0.017637077030418398,0.0015645655488496408
9.870967741935488,7.548387096774192,0.022441706032256377,-0.022418108834108656,0.004654050175897434
9.870967741935488,6.38709677419355,0.03398958649825909,-0.03387024538304281,0.010790773368568603
9.870967741935488,5.225806451612902,0.045587022518457594,-0.045243599018238684,0.018909060463776835
9.870967741935488,4.064516129032256,0.0572634755510603,-0.05651032546418044,0.029007943172714126
9.870967741935488,2.903225806451613,0.0690490923684008,-0.06765223965644178,0.04108110959440422
9.870967741935488,1.741935483870968,0.0809675942276435,-0.07866399583202625,0.05511702704609145
9.870967741935488,0.5806451612903203,0.09302817340957903,-0.08955535100402841,0.07110531165790389
9.870967741935488,-0.5806451612903238,0.10510044102573336,-0.10023453453597207,0.08970965184114954
9.870967741935488,-1.741935483870968,0.11749574818296663,-0.11105076624043825,0.10916086420491314
9.870967741935488,-2.903225806451616,0.12984897043850052,-0.12195079743541784,0.13038901218393537
9.870967741935488,-4.064516129032258,0.1420947914132204,-0.1328795616902521,0.15401230287639578
9.870967741935488,-5.225806451612902,0.1541284286537436,-0.14414928464081717,0.1790405327570141
9.870967741935488,-6.387096774193552,0.16568021796772073,-0.1558134882499567,0.20671736335162175
9.870967741935488,-7.548387096774193,0.17671838509432217,-0.16816502857922433,0.23442620255618743
9.870967741935488,-8.709677419354843,0.18676529862502578,-0.18131518331751922,0.2656558363066017
-8.709677419354836,9.870967741935488,-0.18132163760024406,0.18675594781621727,-0.26103852913274567
-8.709677419354836,11.03225806451613,-0.18865601623162145,0.2022833914259518,-0.29418691517869344
-8.709677419354836,12.193548387096772,-0.19421271280633293,0.21941210085850438,-0.3275639661508704
-8.709677419354836,13.354838709677416,-0.19760726666122963,0.23847102559540173,-0.36248998120295006
-8.709677419354836,14.516129032258057,-0.19879667664762757,0.25983444849415455,-0.39734895470599957
-8.709677419354836,15.677419354838717,-0.19732515151885385,0.28392180941071643,-0.4335031357312015
-8.709677419354836,16.83870967741936,-0.19328852220743045,0.3110788149789793,-0.4697728232988371
-8.709677419354836,18.0,-0.18655599658150104,0.341730982316067,-0.506482644244554
-6.38709677419355,7.548387096774193,-0.13697063871671034,0.13880077299845553,-0.1501467131884002
-6.38709677419355,8.709677419354843,-0.146929257173177,0.15189000941999384,-0.1768900182192099
-6.38709677419355,9.870967741935488,-0.1558054511475203,0.16569373810660468,-0.20597729389138983
-6.38709677419355,11.03225806451613,-0.1634815352148043,0.18069157439613542,-0.23433875699980644
-6.38709677419355,12.193548387096772,-0.16955846964732216,0.19696131674471876,-0.26490448138525086
-6.38709677419355,13.354838709677416,-0.17375956504058393,0.2148944745888399,-0.2968365349941456
-6.38709677419355,14.516129032258057,-0.17573572334294857,0.2348547063159808,-0.33027566266891123
-6.38709677419355,15.677419354838717,-0.17535827063660397,0.25723402817208463,-0.3645645599516156
-6.38709677419355,16.83870967741936,-0.17233506978561272,0.2824611413993645,-0.399979874110339
-6.38709677419355,18.0,-0.16665264802470073,0.31096440121886726,-0.436066966622151
-4.064516129032256,5.225806451612902,-0.09159240262286315,0.0919065792638091,-0.0588749534267603
-4.064516129032256,6.387096774193552,-0.10263091559470507,0.1038383151424725,-0.08547772520657498
-4.064516129032256,7.548387096774193,-0.11342859138035172,0.11611449257882119,-0.10655226711604775
-4.064516129032256,8.709677419354843,-0.12354938353847252,0.12880508883438896,-0.12956359829689107
-4.064516129032256,9.870967741935488,-0.1328718658721176,0.14210662668403054,-0.15384406871210773
-4.064516129032256,11.03225806451613,-0.14118681674470998,0.15623191640556952,-0.1794281661973766
-4.064516129032256,12.193548387096772,-0.1480403837399208,0.17140342310361673,-0.20720162147810714
-4.064516129032256,13.354838709677416,-0.1533528160510749,0.1879395492695731,-0.23607720127445828
-4.064516129032256,14.516129032258057,-0.1566252353192566,0.20615339316743644,-0.2668150557163288
-4.064516129032256,15.677419354838717,-0.1575982109139649,0.2264331962825606,-0.29913083670459956
-4.064516129032256,16.83870967741936,-0.15603878033821103,0.24920343749586085,-0.33282933501717094
-4.064516129032256,18.0,-0.1518012997960278,0.2749193717362246,-0.3676814784878547
16.83870967741936,18.0,-0.017735548486080967,0.01773741829760772,-0.0017772655390809109
16.83870967741936,16.838709677419356,0.0003601184175789618,-6.167047034029751e-05,5.155889150539756e-05
16.83870967741936,15.677419354838714,0.01772058607519975,-0.017718684215183765,0.001760231797777257
16.83870967741936,14.516129032258057,0.022416665102551903,-0.022362109208469656,0.0054545109620689255
16.83870967741936,13.354838709677416,0.03391048635632686,-0.033664250407229944,0.011645581848048783
16.83870967741936,12.19354838709677,0.04543617359557676,-0.044734102243983075,0.01983769684608822
16.83870967741936,11.032258064516128,0.05705413531861792,-0.05548292363644416,0.03004627691334932
16.83870967741936,9.870967741935486,0.06884523863178739,-0.06582750997680922,0.042283076170962094
16.83870967741936,8.709677419354836,0.08090442969355226,-0.07569500292422097,0.056552813905728
16.83870967741936,7.548387096774192,0.09333413017240133,-0.0850282887308759,0.0728494578680827
16.83870967741936,6.38709677419355,0.10623695402472881,-0.09379148706472475,0.0911525741904109
16.83870967741936,5.225806451612902,0.11970754140345627,-0.10197499313826289,0.11142420314486061
16.83870967741936,4.064516129032256,0.1338234769638741,-0.1095995627608083,0.1336066911196858
16.83870967741936,2.903225806451613,0.14863548306800045,-0.11671896924829644,0.1576219006306037
16.83870967741936,1.741935483870968,0.16415734512422073,-0.12342086371921797,0.1833721182956342
16.83870967741936,0.5806451612903203,0.18020585091073443,-0.12970906190130008,0.21131546058579018
16.83870967741936,-0.5806451612903238,0.19696159187115486,-0.13588453143681994,0.2404940539957515
16.83870967741936,-1.741935483870968,0.2143805023898717,-0.14236947858279897,0.26983878402538275
16.83870967741936,-2.903225806451616,0.23184637137926056,-0.14888438990821112,0.3012918755331742
16.83870967741936,-4.064516129032258,0.2492781254500464,-0.15583713485535503,0.3338492077014344
16.83870967741936,-5.225806451612902,0.26634988787180547,-0.1634553718910067,0.36738958504219216
16.83870967741936,-6.387096774193552,0.28269176745458824,-0.17197596330178583,0.4018059953041035
16.83870967741936,-7.548387096774193,0.2979016061508442,-0.18164565036943253,0.4370028754359333
16.83870967741936,-8.709677419354843,0.31156083064942625,-0.19272144764758206,0.4728952196106564
16.83870967741936,-9.870967741935488,0.3232430350568201,-0.205455002135203,0.5095390819243322
16.83870967741936,-11.03225806451613,0.3325844741763396,-0.22017252921687472,0.5464798447706586
16.83870967741936,-12.193548387096772,0.33921031876923335,-0.23712389911141207,0.5840347576236666
16.83870967741936,-13.354838709677416,0.34286565294800153,-0.25659209290504414,0.6223726084692411
16.83870967741936,-14.516129032258057,0.34341643613062894,-0.2784006621169134,0.6672710334675607
16.83870967741936,-15.677419354838717,0.34059567709237354,-0.30428969466821937,0.7071043558315694
5.225806451612902,18.0,-0.10687055183121001,0.1350085448715774,-0.1325804660593729
5.225806451612902,16.838709677419356,-0.10196621264513105,0.11971236558651781,-0.11144229061856722
5.225806451612902,15.677419354838714,-0.09506656100526908,0.10623324753409528,-0.09080429384928722
5.225806451612902,14.516129032258057,-0.08673975683050152,0.09341881671017563,-0.07232929193723275
5.225806451612902,13.354838709677416,-0.07732958417684745,0.08107703825946035,-0.0559513219046
5.225806451612902,12.19354838709677,-0.06712659762809209,0.06906021033983839,-0.04161521754811618
5.225806451612902,11.032258064516128,-0.05636850105700842,0.05725716577246521,-0.02927808063012622
5.225806451612902,9.870967741935486,-0.045243599009716855,0.04558702252325589,-0.01890906053641808
5.225806451612902,8.709677419354836,-0.033895818240172605,0.0339941258412433,-0.010488049478482534
5.225806451612902,7.548387096774192,-0.022430596664991097,0.022444050631599318,-0.004002770507521428
5.225806451612902,6.38709677419355,-0.01760373063915687,0.017607621452782142,-0.0012907584997256466
5.225806451612902,5.225806451612902,-6.424156750820439e-06,-1.0471916499857348e-05,-0.0002462829849744908
5.225806451612902,4.064516129032256,0.01759057873944451,-0.01758409512030066,0.0011160392209008591
5.225806451612902,2.903225806451613,0.02244262158472447,-0.022438641681692437,0.0026155770273878043
5.225806451612902,1.741935483870968,0.03398940613843489,-0.03395139120524678,0.008415631021097174
5.225806451612902,0.5806451612903203,0.0455254907053146,-0.04538424065187236,0.016551087825420547
5.225806451612902,-0.5806451612903238,0.05716278262723583,-0.05693684052938127,0.025648702239105547
5.225806451612902,-1.741935483870968,0.06876539059621603,-0.06839123813174765,0.03718935833679112
5.225806451612902,-2.903225806451616,0.0803582678347356,-0.07987573120526376,0.05015021165266669
5.225806451612902,-4.064516129032258,0.09190603577887806,-0.09159289906741576,0.05890521295711649
-11.032258064516128,12.193548387096772,-0.2241508069070064,0.2361508341169186,-0.3901306623446921
-11.032258064516128,13.354838709677416,-0.2271608227627004,0.2558073070372454,-0.43157775825971895
-11.032258064516128,14.516129032258057,-0.22789369961471492,0.2781709654981685,-0.4665242300816711
-11.032258064516128,15.677419354838717,-0.2257909137133306,0.30334890679203286,-0.5040059555766845
-11.032258064516128,16.83870967741936,-0.22098608456672866,0.33177661595634206,-0.5411578160775294
-11.032258064516128,18.0,-0.21344259063797583,0.3637636872333581,-0.5784667131163268
-0.5806451612903203,1.741935483870968,-0.022398162473910785,0.022415070752934068,0.01875902309130597
-0.5806451612903203,2.903225806451616,-0.03392496644546802,0.033950931593465024,-0.0009443983874706847
-0.5806451612903203,4.064516129032258,-0.04546487647619723,0.04553315490901396,-0.013342273987577575
-0.5806451612903203,5.225806451612902,-0.05693683968191343,0.05716278356698605,-0.025648689431060644
-0.5806451612903203,6.387096774193552,-0.06823660413504004,0.06869303300877685,-0.04043985040412143
-0.5806451612903203,7.548387096774193,-0.07931870196064897,0.08069930217967797,-0.05440007597498307
-0.5806451612903203,8.709677419354843,-0.08992417812800944,0.09273089937658521,-0.07159928003696726
-0.5806451612903203,9.870967741935488,-0.10023341481854793,0.10510212492132658,-0.08969771778606148
-0.5806451612903203,11.03225806451613,-0.10953549995401567,0.11742989177983236,-0.1124415508312417
-0.5806451612903203,12.193548387096772,-0.11829802114009991,0.1314450327045593,-0.13228726202909327
-0.5806451612903203,13.354838709677416,-0.1255521056848539,0.14595251346819724,-0.15572132897554883
-0.5806451612903203,14.516129032258057,-0.13112901466888643,0.1614501571401502,-0.18168914164168112
-0.5806451612903203,15.677419354838717,-0.1347073783409884,0.17832940843209652,-0.2098496030751059
-0.5806451612903203,16.83870967741936,-0.1359340403548503,0.19697478655782208,-0.2401819276412369
-0.5806451612903203,18.0,-0.13458735162404925,0.21789691820165982,-0.2722734443801092
-13.354838709677416,14.516129032258057,-0.26546767829741297,0.28705293592321035,-0.5304766985781911
-13.354838709677416,15.677419354838717,-0.26283765260098796,0.3126425468925266,-0.5760574905748567
-13.354838709677416,16.83870967741936,-0.2577232503629427,0.3416767410874678,-0.6118076461198728
-13.354838709677416,18.0,-0.2496427838022976,0.37427765625475534,-0.6490769147240836
4.064516129032258,18.0,-0.1132355929595987,0.15054700296001336,-0.15580851878085825
4.064516129032258,16.838709677419356,-0.10958138029045077,0.13383458738100298,-0.13364251982802505
4.064516129032258,15.677419354838714,-0.10374470324978485,0.11956566978151459,-0.11096957402487352
4.064516129032258,14.516129032258057,-0.09626948937017091,0.10616142858360804,-0.09046420986970377
4.064516129032258,13.354838709677416,-0.08751853406584664,0.09339054937431863,-0.07206629821138115
4.064516129032258,12.19354838709677,-0.07780712905492111,0.08107157871879848,-0.05572052558648965
4.064516129032258,11.032258064516128,-0.06739957583239725,0.06906444633888772,-0.041380093884036205
4.064516129032258,9.870967741935486,-0.05651032467512585,0.0572634760940316,-0.029007947698418322
4.064516129032258,8.709677419354836,-0.04530765644925491,0.04559169036747567,-0.018576512801670785
4.064516129032258,7.548387096774192,-0.03391874023465877,0.03399611230764784,-0.010066156470845215
4.064516129032258,6.38709677419355,-0.022435399551275225,0.022443936807839588,-0.003461677114044201
4.064516129032258,5.225806451612902,-0.017584095120300732,0.017590578739444456,-0.0011160392209007507
4.064516129032258,4.064516129032256,-6.638541205728858e-06,-1.5916967077186463e-05,-0.0007519018370237634
4.064516129032258,2.903225806451613,0.017529101721380787,-0.017509074164563227,0.0008830501200504057
4.064516129032258,1.741935483870968,0.022438591988156002,-0.022437707247934025,0.0011158180011306168
4.064516129032258,0.5806451612903203,0.03395092202374112,-0.033910270795773766,0.006795127020331471
4.064516129032258,-0.5806451612903238,0.045533154906352825,-0.04546487647585909,0.013342274513337669
4.064516129032258,-1.741935483870968,0.05711814982423149,-0.05702566083774061,0.0204885184701717
4.064516129032258,-2.903225806451616,0.0685527145172967,-0.06858406107238373,0.02793664532139271
6.387096774193552,18.0,-0.09991930734050261,0.12035308614041687,-0.11093036571111294
6.387096774193552,16.838709677419356,-0.09378794046862292,0.10623870323107502,-0.09116028336231313
6.387096774193552,15.677419354838714,-0.08590970975825384,0.09340039723382733,-0.07258880115212821
6.387096774193552,14.516129032258057,-0.07681874262953098,0.08105124296767226,-0.056160959356701415
6.387096774193552,13.354838709677416,-0.0668331589926719,0.06903632517831092,-0.04181114669692283
6.387096774193552,12.19354838709677,-0.05621502230583763,0.057239491655535144,-0.029488440603227677
6.387096774193552,11.032258064516128,-0.045173564182445336,0.04557649904263878,-0.019156239841761815
6.387096774193552,9.870967741935486,-0.033870245383040266,0.03398958649825977,-0.01079077336860725
6.387096774193552,8.709677419354836,-0.022424778478168615,0.022443275883190172,-0.004378259007603343
6.387096774193552,7.548387096774192,-0.017615677148272745,0.017618689042436842,-0.0014116596686596895
6.387096774193552,6.38709677419355,-7.173691947327347e-06,-8.001590955154791e-06,-3.7426407527480014e-05
6.387096774193552,5.225806451612902,0.017607621452782114,-0.017603730639156982,0.0012907584997258173
6.387096774193552,4.064516129032256,0.022443936807465717,-0.02243539955090152,0.0034616771140319274
6.387096774193552,2.903225806451613,0.03399523376408012,-0.03393846767371285,0.009437692083680008
6.387096774193552,1.741935483870968,0.04558051534531764,-0.045412579338889474,0.017383616613121766
6.387096774193552,0.5806451612903203,0.05646679892530281,-0.05651717108428221,0.031713496542830164
6.387096774193552,-0.5806451612903238,0.06869301071445139,-0.06823662210955593,0.04044006667795947
6.387096774193552,-1.741935483870968,0.08054943187699014,-0.07962044141521664,0.05322522425662557
6.387096774193552,-2.903225806451616,0.0922612384519972,-0.09116109363972,0.06781137977406411
6.387096774193552,-4.064516129032258,0.10383653254976478,-0.10263219025218874,0.0855269492136941
6.387096774193552,-5.225806451612902,0.11525893621778212,-0.11439982128131664,0.10139678767097665
-2.903225806451613,4.064516129032258,-0.06858404436656232,0.06855274871363488,-0.027934218693958925
-2.903225806451613,5.225806451612902,-0.07987557598791102,0.08035840722663358,-0.05014757103332125
-2.903225806451613,6.387096774193552,-0.09116053002737147,0.0922618578703629,-0.06780284961999446
-2.903225806451613,7.548387096774193,-0.10185477496535666,0.1043408924720045,-0.08836082864071139
-2.903225806451613,8.709677419354843,-0.11231054090029483,0.116859363731796,-0.10810656754179473
-2.903225806451613,9.870967741935488,-0.12194570591903263,0.12985680899846527,-0.13031375637416343
-2.903225806451613,11.03225806451613,-0.13056143594698846,0.14353541588752872,-0.15454114396415589
-2.903225806451613,12.193548387096772,-0.13797169994933975,0.1581418030259402,-0.18034587356639786
-2.903225806451613,13.354838709677416,-0.14390765337539566,0.1739423425755577,-0.20765371261312943
-2.903225806451613,14.516129032258057,-0.14790321568632064,0.19123199042674374,-0.23696798716448367
-2.903225806451613,15.677419354838717,-0.14970197994219928,0.2103856401215158,-0.2679756905939391
-2.903225806451613,16.83870967741936,-0.1490260448196013,0.2318173479198922,-0.30055597168379583
-2.903225806451613,18.0,-0.14567917777813388,0.25598344560164765,-0.33452017947168816
-15.677419354838714,16.83870967741936,-0.3057425805794818,0.33908627882712744,-0.6728016085005802
-15.677419354838714,18.0,-0.2962549949786635,0.3717651187235845,-0.7251631894672971
8.709677419354843,18.0,-0.08400820929644054,0.09340852612873102,-0.07284683888334538
8.709677419354843,16.838709677419356,-0.07569474841477748,0.08090452859858925,-0.05655346238836198
8.709677419354843,15.677419354838714,-0.06618389283150622,0.06892902761766471,-0.04213768440122607
8.709677419354843,14.516129032258057,-0.05587282685955776,0.05716988601949433,-0.029805152283144842
8.709677419354843,13.354838709677416,-0.04501571168940446,0.045537963190587685,-0.019503498351156393
8.709677419354843,12.19354838709677,-0.03381154755455053,0.033973077112251296,-0.011197378711594838
8.709677419354843,11.032258064516128,-0.022410649751596973,0.022439376324485984,-0.004865238035998112
8.709677419354843,9.870967741935486,-0.01763707703041818,0.01763944958234048,-0.001564565548849564
8.709677419354843,8.709677419354836,-1.0451689503856073e-05,-6.478778584767993e-06,0.00010142395997963591
8.709677419354843,7.548387096774192,0.017628904740807066,-0.01762630176985819,0.0014989235564802717
8.709677419354843,6.38709677419355,0.022443275882793098,-0.02242477847777136,0.004378259007593753
8.709677419354843,5.225806451612902,0.033994125841242555,-0.033895818240174576,0.010488049478446419
8.709677419354843,4.064516129032256,0.045591690362855486,-0.045307656456385265,0.01857651273319858
8.709677419354843,2.903225806451613,0.05725833593490238,-0.05664033130240953,0.028641140752314845
8.709677419354843,1.741935483870968,0.069013636023204,-0.06788349620518905,0.04067634846652659
8.709677419354843,0.5806451612903203,0.08086270728298758,-0.079033084608905,0.05471328868773293
8.709677419354843,-0.5806451612903238,0.09273023542775949,-0.08992494109574553,0.07160115568576877
8.709677419354843,-1.741935483870968,0.1048320364810159,-0.10120718386725971,0.08842052153423374
8.709677419354843,-2.903225806451616,0.11685533798341387,-0.11231355351907571,0.10815011005210323
8.709677419354843,-4.064516129032258,0.1287969910881188,-0.12355573698626748,0.12966765276038517
8.709677419354843,-5.225806451612902,0.14052985294830858,-0.13506226676414915,0.15277079602017193
8.709677419354843,-6.387096774193552,0.15187475625373004,-0.14694122422696945,0.17758087100841685
8.709677419354843,-7.548387096774193,0.16259847588788082,-0.1593266348587047,0.20542038353194053
7.548387096774193,18.0,-0.09230303359780627,0.10653323850679947,-0.09097002361723397
7.548387096774193,16.838709677419356,-0.08502716403546093,0.09333462591027718,-0.07285207478741773
7.548387096774193,15.677419354838714,-0.07627401519863218,0.08099386827619945,-0.056359505262577644
7.548387096774193,14.516129032258057,-0.06651901733177383,0.06899265378151448,-0.0419823080015512
7.548387096774193,13.354838709677416,-0.05604983001284925,0.05721041856043307,-0.029659930638978142
7.548387096774193,12.19354838709677,-0.04509760544207305,0.045560148753789755,-0.019348476967522676
7.548387096774193,11.032258064516128,-0.03384214410009563,0.03398256410868748,-0.011018906158521772
7.548387096774193,9.870967741935486,-0.022418108834514124,0.022441706032661497,-0.004654050175907533
7.548387096774193,8.709677419354836,-0.017626301769858063,0.01762890474080707,-0.0014989235564802192
7.548387096774193,7.548387096774192,-8.560011656999951e-06,-6.874355869570618e-06,5.703641436293081e-05
7.548387096774193,6.38709677419355,0.017618689042436842,-0.01761567714827277,0.001411659668659701
7.548387096774193,5.225806451612902,0.02244405063121088,-0.022430596664602696,0.0040027705075124115
7.548387096774193,4.064516129032256,0.033996112307647215,-0.03391874023466021,0.010066156470812819
7.548387096774193,2.903225806451613,0.04559026397241082,-0.04536530909354657,0.018102505016889578
7.548387096774193,1.741935483870968,0.057240330065690154,-0.05675585718138308,0.028114262272920902
7.548387096774193,0.5806451612903203,0.06892775343588965,-0.06806608415614909,0.04031192444716595
7.548387096774193,-0.5806451612903238,0.08069912766066183,-0.07931888463809483,0.054400443629325154
7.548387096774193,-1.741935483870968,0.0925612413561627,-0.090669938758173,0.06974037578000448
7.548387096774193,-2.903225806451616,0.10433896391122363,-0.10185609988131272,0.08838297074379241
7.548387096774193,-4.064516129032258,0.11611048105088097,-0.11343201190301583,0.10662120055022056
7.548387096774193,-5.225806451612902,0.12750933644809306,-0.12501090597204328,0.12990590381029504
7.548387096774193,-6.387096774193552,0.13879029756023417,-0.13698127411831804,0.150969849625923
