-7.548387096774192,-18.0,0.09231725178386649,-0.10674874867529217,-3.049421112747059
-7.548387096774192,-16.838709677419356,0.08502223252418162,-0.09351409583181411,-3.067309957011696
-7.548387096774192,-15.677419354838714,0.07625051826947912,-0.08113493927326182,-3.083529655288453
-7.548387096774192,-14.516129032258057,0.06648128624911175,-0.06909580020398791,-3.097590526551856
-7.548387096774192,-13.354838709677416,0.05600422730405812,-0.05727865146021162,-3.1095574700766053
-7.548387096774192,-12.19354838709677,0.04505155271616796,-0.0455990369590372,-3.119481767919682
-7.548387096774192,-11.032258064516128,0.03380278268319904,-0.033999664009290755,-3.127402148405205
-7.548387096774192,-9.870967741935486,0.022391014117080783,-0.02244556735287996,-3.1333445868901206
-7.548387096774192,-8.709677419354836,0.01760175303531605,-0.017600991857610555,-3.139023198068211
-7.548387096774192,-7.548387096774192,-0.0003603167941376014,0.0007805452751863257,0.05221356282617198
-7.548387096774192,-6.38709677419355,-0.017594279853310857,0.017594620764084756,3.138935506774708
-7.548387096774192,-5.225806451612902,-0.02245128897517768,0.0224070077520674,3.1326942913316382
-7.548387096774192,-4.064516129032256,-0.03401767883227843,0.03388410606970272,3.1264640888900384
-7.548387096774192,-2.903225806451613,-0.04563132021706585,0.04532200219459225,3.1182986040862017
-7.548387096774192,-1.741935483870968,-0.057304145122392,0.056708002266357214,3.1081930451576607
-7.548387096774192,-0.5806451612903203,-0.06904099265641454,0.06804085178608014,3.0961438252451208
-7.548387096774192,0.5806451612903238,-0.08083997621133111,0.07933083121288424,3.082123246135915
-7.548387096774192,1.741935483870968,-0.09267508892351242,0.09060928953710942,3.0661279826328642
-7.548387096774192,2.903225806451616,-0.10449736046297958,0.10192679252097439,3.0481201411443073
-7.548387096774192,4.064516129032258,-0.11622917600807448,0.11335726108545886,3.028005265389416
-7.548387096774192,5.225806451612902,-0.1277569592752509,0.12500073935707906,3.0054693874088363
-7.548387096774192,6.387096774193552,-0.1389278443064643,0.13698507728898063,2.9788515145762164
-7.548387096774192,7.548387096774193,-0.14954947511935285,0.1494690523737753,1.410494536555146
-7.548387096774192,8.709677419354843,-0.1593095452715002,0.162611320506767,-0.20336556220160523
-7.548387096774192,9.870967741935488,-0.16816420569282423,0.17672935968465972,-0.2326889281501865
-7.548387096774192,11.03225806451613,-0.17559286858566422,0.19198794051683285,-0.26387842928866473
-7.548387096774192,12.193548387096772,-0.18131613099251728,0.2086792077530139,-0.2964491141309548
-7.548387096774192,13.354838709677416,-0.18515298039662106,0.22727151764948086,-0.3289640267670625
-7.548387096774192,14.516129032258057,-0.1866697901225093,0.24799152907031996,-0.3633124595351077
-7.548387096774192,15.677419354838717,-0.18570555280042722,0.27128127685662945,-0.39857815426375526
-7.548387096774192,16.83870967741936,-0.18210245658607624,0.29755704612218814,-0.43460984651956297
-7.548387096774192,18.0,-0.17585120407460547,0.32722731227105556,-0.4710748303890657
13.354838709677416,18.0,-0.044627776848060005,0.0453909459309715,-0.019921742975628615
13.354838709677416,16.838709677419356,-0.03366425040722268,0.03391048635632601,-0.011645581848073154
13.354838709677416,15.677419354838714,-0.02237329628442584,0.022422671325729785,-0.005373949552973757
13.354838709677416,14.516129032258057,-0.017687801204148472,0.01768978886015795,-0.0017172124625001908
13.354838709677416,13.354838709677416,-2.443242993772493e-05,-8.003478520039742e-06,0.00013218183177140177
13.354838709677416,12.19354838709677,0.017675824703076777,-0.01767377807680418,0.0016896211494065066
13.354838709677416,11.032258064516128,0.022432491176101473,-0.022393458584561002,0.005167579810972997
13.354838709677416,9.870967741935486,0.03396112907827805,-0.033778463391075673,0.011341191675478968
13.354838709677416,8.709677419354836,0.04553796318593189,-0.04501571170359983,0.019503498263860043
13.354838709677416,7.548387096774192,0.05721041797998421,-0.056049831262850354,0.02965992513927951
13.354838709677416,6.38709677419355,0.06903631339258813,-0.06683318085108488,0.041811067868639896
13.354838709677416,5.225806451612902,0.08107694346036236,-0.07732974407793822,0.055950813575884134
13.354838709677416,4.064516129032256,0.09339010366269687,-0.08751922963442439,0.07206427057862272
13.354838709677416,2.903225806451613,0.10602280402850209,-0.09740096453435149,0.09012595337141424
13.354838709677416,1.741935483870968,0.11900369216457228,-0.10699725603870788,0.11009851204246597
13.354838709677416,0.5806451612903203,0.13226233543269614,-0.11635018200835433,0.1322774103567211
13.354838709677416,-0.5806451612903238,0.14593936152624484,-0.12555382264255496,0.15581239865524432
13.354838709677416,-1.741935483870968,0.15988894877322254,-0.1346897991931348,0.18092973940457144
13.354838709677416,-2.903225806451616,0.17392311323294898,-0.14389949891577156,0.20794265648054333
13.354838709677416,-4.064516129032258,0.18792460781673562,-0.1533299230089152,0.23656241447316492
13.354838709677416,-5.225806451612902,0.20167722827389944,-0.16315865896565568,0.2667486702686154
13.354838709677416,-6.387096774193552,0.21491585874978597,-0.17368459871856914,0.29802896000665685
13.354838709677416,-7.548387096774193,0.22733627724652905,-0.18503153173586293,0.33082258022253513
13.354838709677416,-8.709677419354843,0.2385983186295881,-0.19742583078293516,0.36538872355356655
13.354838709677416,-9.870967741935488,0.2483500697739004,-0.21136369524205054,0.40032167691437137
13.354838709677416,-11.03225806451613,0.25613525421904476,-0.22678823102192414,0.44028786160607825
13.354838709677416,-12.193548387096772,0.26188814518151315,-0.2445069504848119,0.47901814178969754
13.354838709677416,-13.354838709677416,0.2650412939287317,-0.26444595394917875,0.016913527587492486
13.354838709677416,-14.516129032258057,0.26546553072661866,-0.28706852360493745,-2.6104583987808097
13.354838709677416,-15.677419354838717,0.2630290772894028,-0.31271390442848046,-2.5680982152295817
13.354838709677416,-16.83870967741936,0.2577157742471099,-0.34169790176180875,-2.529521573775957
13.354838709677416,-18.0,0.2496354096160133,-0.3743017394347736,-2.492349701621991
-9.870967741935486,-18.0,0.07502676248014233,-0.0810156746900425,-3.0835219771762654
-9.870967741935486,-16.838709677419356,0.06579624972364946,-0.06895536631664238,-3.0976279184125137
-9.870967741935486,-15.677419354838714,0.05564058583191589,-0.05718857400302426,-3.10970724298494
-9.870967741935486,-14.516129032258057,0.04488080751261435,-0.04554793973076701,-3.119716903518852
-9.870967741935486,-13.354838709677416,0.03373617082133568,-0.033975373736309634,-3.1277093689479813
-9.870967741935486,-12.19354838709677,0.022371974446356597,-0.022436868968916068,-3.1337201606123974
-9.870967741935486,-11.032258064516128,0.01761687904926076,-0.01761574067874698,-3.1391408703407526
-9.870967741935486,-9.870967741935486,-2.003621808246055e-05,0.00018061013201983814,-1.4476870999165689e-06
-9.870967741935486,-8.709677419354836,-0.017608009107396558,0.01760900288648675,3.1390893067304044
-9.870967741935486,-7.548387096774192,-0.022445567352369623,0.02239101411656979,3.133344586890138
-9.870967741935486,-6.38709677419355,-0.034008125086454906,0.0338323704060337,3.127180159564289
-9.870967741935486,-5.225806451612902,-0.04562678574494387,0.045198544036328815,3.119080479878531
-9.870967741935486,-4.064516129032256,-0.05732791584683624,0.05646122243067796,3.109042020173554
-9.870967741935486,-2.903225806451613,-0.06913831538420873,0.0676012974170225,3.0970606665649427
-9.870967741935486,-1.741935483870968,-0.08107886066913332,0.07861254048932317,3.083136001061286
-9.870967741935486,-0.5806451612903203,-0.09315787698365359,0.08950530387156148,3.0672730159328467
-9.870967741935486,0.5806451612903238,-0.1053063444942438,0.1002974202792916,3.0496884607993824
-9.870967741935486,1.741935483870968,-0.11766612692514399,0.11108061589096453,3.0297995831018523
-9.870967741935486,2.903225806451616,-0.12999124419390945,0.12189434855715323,3.008232818703527
-9.870967741935486,4.064516129032258,-0.14223638250028472,0.13285636235137177,2.9848123437880463
-9.870967741935486,5.225806451612902,-0.15425566937474464,0.1440994603942743,2.9595487555454363
-9.870967741935486,6.387096774193552,-0.16586007914492906,0.15578552469934787,2.932402003975857
-9.870967741935486,7.548387096774193,-0.17681796530482352,0.16810646497814313,2.9031366429990375
-9.870967741935486,8.709677419354843,-0.18685874613315748,0.18128505970847986,2.870312749160104
-9.870967741935486,9.870967741935488,-0.19568052403062072,0.19557563112130563,1.3032830553208148
-9.870967741935486,11.03225806451613,-0.2029387435105755,0.21126143302859982,-0.3235940534710395
-9.870967741935486,12.193548387096772,-0.20833055803741315,0.22863260044347625,-0.3607378662555943
-9.870967741935486,13.354838709677416,-0.21162566189860443,0.24813257702349914,-0.3955788790221815
-9.870967741935486,14.516129032258057,-0.21235852037583464,0.27004330309028945,-0.4323307790613014
-9.870967741935486,15.677419354838717,-0.2106350951541898,0.2947269995800335,-0.46857799300809816
-9.870967741935486,16.83870967741936,-0.20613818215240787,0.32259948096025587,-0.5055093804662677
-9.870967741935486,18.0,-0.1990203260298672,0.35404875837802513,-0.5421700398902108
-12.19354838709677,-18.0,0.0552248334297789,-0.057058063357440646,-3.1097869137596357
-12.19354838709677,-16.838709677419356,0.04468600763090387,-0.045473287861703446,-3.1198630599059034
-12.19354838709677,-15.677419354838714,0.03365959328325891,-0.03394122221139635,-3.127909487830931
-12.19354838709677,-14.516129032258057,0.022349973738946694,-0.022425241190498473,-3.133964015450205
-12.19354838709677,-13.354838709677416,0.01763520903747125,-0.017633905529420027,-3.13921607255801
-12.19354838709677,-12.19354838709677,-0.00023088471605658227,0.0006256289712125866,0.026170250389806842
-12.19354838709677,-11.032258064516128,-0.017624348554123353,0.01762558385857785,3.13918220113607
-12.19354838709677,-9.870967741935486,-0.022436868968364013,0.022371974445803983,3.1337201606124125
-12.19354838709677,-8.709677419354836,-0.033988748392427506,0.033770718221166264,3.127573535682337
-12.19354838709677,-7.548387096774192,-0.04559903695424714,0.04505155272850036,3.119481768005498
-12.19354838709677,-6.38709677419355,-0.05730645356363424,0.056168249075091464,3.109437762323441
-12.19354838709677,-5.225806451612902,-0.06915635319145347,0.06708225952651095,3.097434794160542
-12.19354838709677,-4.064516129032256,-0.081194519731748,0.07776680935179302,3.083471368642424
-12.19354838709677,-2.903225806451613,-0.09346075976461576,0.0882112009717811,3.0675546936906746
-12.19354838709677,-1.741935483870968,-0.10598193119024213,0.098424649197045,3.0497028853185593
-12.19354838709677,-0.5806451612903203,-0.11876390285569557,0.10843952860955533,3.0299462593652247
-12.19354838709677,0.5806451612903238,-0.13178737675432547,0.11831308343883983,3.0083250712475755
-12.19354838709677,1.741935483870968,-0.1449962112346818,0.1281303294417302,2.9848951996438604
-12.19354838709677,2.903225806451616,-0.15829348006897911,0.13800316257380016,2.9597137789372803
-12.19354838709677,4.064516129032258,-0.17153876673014343,0.1480717571617981,2.932846714304659
-12.19354838709677,5.225806451612902,-0.1845439557543965,0.15850401009198714,2.9043587061759584
-12.19354838709677,6.387096774193552,-0.19707416385914153,0.16949515642353255,2.8743052666918043
-12.19354838709677,7.548387096774193,-0.20885146448897549,0.18126732611238303,2.842713666607714
-12.19354838709677,8.709677419354843,-0.21956234877503775,0.19406910093329385,2.809527445237208
-12.19354838709677,9.870967741935488,-0.22886929854524526,0.20817494413397863,2.7743826158503557
-12.19354838709677,11.03225806451613,-0.2364266784707208,0.22388412054933002,2.735031729160276
-12.19354838709677,12.193548387096772,-0.24190086959763352,0.24151846019272308,0.9489667564162175
-12.19354838709677,13.354838709677416,-0.2449788906327038,0.26142500939465496,-0.45945800246784824
-12.19354838709677,14.516129032258057,-0.24528030888310998,0.28384503519775944,-0.5038605379025033
-12.19354838709677,15.677419354838717,-0.2431777157993135,0.30942414945978763,-0.5390456841412926
-12.19354838709677,16.83870967741936,-0.2380904039054455,0.33821120933118515,-0.5767214344627012
-12.19354838709677,18.0,-0.23020464328191023,0.3706399410672697,-0.6141515383389992
15.677419354838717,18.0,-0.022350156479827098,0.02240989884259071,-0.005524171780883793
15.677419354838717,16.838709677419356,-0.017718684215183876,0.017720586075199204,-0.0017602317977755933
15.677419354838717,15.677419354838714,-4.5251206425329925e-05,-8.543811646941994e-06,0.00012948962206337476
15.677419354838717,14.516129032258057,0.017704708515970183,-0.017702768048298616,0.001740440809457541
15.677419354838717,13.354838709677416,0.022422671326020095,-0.022373296284716855,0.0053739495529276805
15.677419354838717,12.19354838709677,0.03392983919614796,-0.03370482169641412,0.011559895080456002
15.677419354838717,11.032258064516128,0.04547600273327449,-0.04483399828347035,0.019742072656773597
15.677419354838717,9.870967741935486,0.057117819649081594,-0.05568390105254759,0.02993213887000729
15.677419354838717,8.709677419354836,0.06892901582748129,-0.06618392232156162,0.042137593053163086
15.677419354838717,7.548387096774192,0.08099376895834533,-0.07627423286351581,0.05635891089010718
15.677419354838717,6.38709677419355,0.0933999107937491,-0.08591066762693549,0.07258641265921277
15.677419354838717,5.225806451612902,0.10623156715964434,-0.09506956510797118,0.09079729323886426
15.677419354838717,4.064516129032256,0.11956112850136288,-0.10375210105642221,0.11095322380625067
15.677419354838717,2.903225806451613,0.1334406051312937,-0.11198772107908668,0.13299886424736096
15.677419354838717,1.741935483870968,0.14789259827652282,-0.11983634339073844,0.15686155559140735
15.677419354838717,0.5806451612903203,0.16283610741427884,-0.12735253550631634,0.18268517103473256
15.677419354838717,-0.5806451612903238,0.1783104409553505,-0.13468567424535946,0.21007508649839277
15.677419354838717,-1.741935483870968,0.194290432158218,-0.1421214852497109,0.23840336978449497
15.677419354838717,-2.903225806451616,0.21038368935160517,-0.1496274717808093,0.2685326186538436
15.677419354838717,-4.064516129032258,0.22645771738653456,-0.15748174881438642,0.2999442536800027
15.677419354838717,-5.225806451612902,0.24222903101133372,-0.16590123334554682,0.3325252253613527
15.677419354838717,-6.387096774193552,0.25736641439494107,-0.1751192794783993,0.3661700405336382
15.677419354838717,-7.548387096774193,0.27150230442469264,-0.18538319582966753,0.400787047204903
15.677419354838717,-8.709677419354843,0.28427480177739617,-0.19684993775253276,0.4367857898256917
15.677419354838717,-9.870967741935488,0.29518855746849887,-0.21011763080688375,0.4726341033219138
15.677419354838717,-11.03225806451613,0.30396776296601297,-0.22515001464396048,0.5097865417717286
15.677419354838717,-12.193548387096772,0.3102209350787991,-0.24237122154667512,0.5478433530875475
15.677419354838717,-13.354838709677416,0.3136511239587359,-0.26187854048606307,0.590022745840039
15.677419354838717,-14.516129032258057,0.31411663001065093,-0.2845691352091019,0.6325068110720663
15.677419354838717,-15.677419354838717,0.31146339177826954,-0.3101546698158653,-0.4094808391221397
15.677419354838717,-16.83870967741936,0.30574244474437173,-0.3390935703850239,-2.4685482678513915
15.677419354838717,-18.0,0.2970987449101077,-0.37162341066076604,-2.425215995663907
1.741935483870968,18.0,-0.12466847314984891,0.1842582401952903,-0.20644392823542787
1.741935483870968,16.838709677419356,-0.12336830011497937,0.1641968807684099,-0.18346852214582673
1.741935483870968,15.677419354838714,-0.11980891320980756,0.1479127753593523,-0.15691755396024284
1.741935483870968,14.516129032258057,-0.11422549793669635,0.13295334297417621,-0.13247380773182613
1.741935483870968,13.354838709677416,-0.10699201522417692,0.1190075461613546,-0.11011227228122857
1.741935483870968,12.19354838709677,-0.09845641772766753,0.1058226033114798,-0.08979422309358596
1.741935483870968,11.032258064516128,-0.0889264825603825,0.09319597370604636,-0.07147671786543117
1.741935483870968,9.870967741935486,-0.07866389811910249,0.08096767203685099,-0.05511742863669069
1.741935483870968,8.709677419354836,-0.06788348461057364,0.06901364557206442,-0.04067640650858316
1.741935483870968,7.548387096774192,-0.056755856635247515,0.05724033053056175,-0.028114265807809815
1.741935483870968,6.38709677419355,-0.04541257933453614,0.04558051534902605,-0.01738361666003788
1.741935483870968,5.225806451612902,-0.03395139120524656,0.033989406138434965,-0.008415631021002264
1.741935483870968,4.064516129032256,-0.02243770724819439,0.02243859198841692,-0.0011158180011418193
1.741935483870968,2.903225806451613,-0.01737756285519475,0.01743335277025375,-0.0004809191580415099
1.741935483870968,1.741935483870968,7.36239944924208e-05,-0.0003493076818787036,-0.0067772493405833115
1.741935483870968,0.5806451612903203,0.017592573221723397,-0.01758728172350211,-0.0017013824723465154
1.741935483870968,-0.5806451612903238,0.022415070752934262,-0.022398162473910983,-0.01875902309130427
1.741935483870968,-1.741935483870968,0.033923724145118385,-0.03394922840536514,-1.5595982874891878
1.741935483870968,-2.903225806451616,0.045479170380042094,-0.045560267995896776,-3.098290363411267
1.741935483870968,-4.064516129032258,0.056989221034586396,-0.057182585414455346,-3.1003421564020295
1.741935483870968,-5.225806451612902,0.06839939094534533,-0.06886902449866765,-3.0925842939044172
1.741935483870968,-6.387096774193552,0.07964250172557372,-0.08067614080824576,-3.0807703665928443
1.741935483870968,-7.548387096774193,0.09060874959870559,-0.09267571826246725,-3.0661331936433673
1.741935483870968,-8.709677419354843,0.10115016846101899,-0.10496498397476896,-3.0490913091913816
1.741935483870968,-9.870967741935488,0.11107765019453314,-0.11767041613456941,-3.029829941864272
1.741935483870968,-11.03225806451613,0.12016013737914828,-0.13095222614236157,-3.008445534773642
1.741935483870968,-12.193548387096772,0.12812620411742873,-0.14500899152977667,-2.984997323236229
1.741935483870968,-13.354838709677416,0.13466963238099225,-0.16008261882385888,-2.95953141379755
1.741935483870968,-14.516129032258057,0.1394606297968827,-0.17646334380420287,-2.9320969008069144
1.741935483870968,-15.677419354838717,0.1421646584120436,-0.1944939671303311,-2.9027611882660467
1.741935483870968,-16.83870967741936,0.1424710193055791,-0.21457178992688006,-2.8716275018072315
1.741935483870968,-18.0,0.14013307805837238,-0.23714571603799167,-2.838855497147704
-5.225806451612902,-18.0,0.10689641658545962,-0.1352569663075216,-3.0080206633314086
-5.225806451612902,-16.838709677419356,0.10197986814696684,-0.11993540367935267,-3.028961562264811
-5.225806451612902,-15.677419354838714,0.09506283517805764,-0.10642715744466909,-3.049352431459418
-5.225806451612902,-14.516129032258057,0.08671918848859768,-0.0935810286176781,-3.0675221578701364
-5.225806451612902,-13.354838709677416,0.0772948251384163,-0.08120607804797762,-3.083532089516987
-5.225806451612902,-12.19354838709677,0.06708224100768259,-0.06915636462941205,-3.0974347209488955
-5.225806451612902,-11.032258064516128,0.0563205476176076,-0.057322857453059525,-3.109272929446679
-5.225806451612902,-9.870967741935486,0.04519854402755652,-0.04562678574976612,-3.119080479801957
-5.225806451612902,-8.709677419354836,0.0338594829675554,-0.0340141329694307,-3.126882499059343
-5.225806451612902,-7.548387096774192,0.022407007752542007,-0.022451288975651865,-3.1326942913316236
-5.225806451612902,-6.38709677419355,0.017586033926066398,-0.01758660562217123,-3.138814188906024
-5.225806451612902,-5.225806451612902,0.00032941378586286895,-0.0002051060379367762,-0.0003891098925513129
-5.225806451612902,-4.064516129032256,-0.01757249679065271,0.017569218646081474,3.138638967629182
-5.225806451612902,-2.903225806451613,-0.02245365813501611,0.02241931647828954,3.1313020682181776
-5.225806451612902,-1.741935483870968,-0.034016802012198914,0.033924957688142514,3.1247889386134258
-5.225806451612902,-0.5806451612903203,-0.04561126891072998,0.04542013918678408,3.1162460506477774
-5.225806451612902,0.5806451612903238,-0.05723446115643523,0.05690818324832539,3.105573491093151
-5.225806451612902,1.741935483870968,-0.06886900557957873,0.06839940870504804,3.092584010357485
-5.225806451612902,2.903225806451616,-0.08048022144856912,0.07992238081207052,3.0766600356246347
-5.225806451612902,4.064516129032258,-0.09200977213308378,0.09152606887067938,3.054752689808084
-5.225806451612902,5.225806451612902,-0.10337364687920975,0.10328037382143013,1.4942338150036778
-5.225806451612902,6.387096774193552,-0.11439685340586615,0.11526245339860232,-0.10115324790103787
-5.225806451612902,7.548387096774193,-0.12500351552367764,0.12751675846400953,-0.12973522465941853
-5.225806451612902,8.709677419354843,-0.135054029626349,0.14054099759182473,-0.15248655930242536
-5.225806451612902,9.870967741935488,-0.14413990191261097,0.15414460396864507,-0.17868430820877515
-5.225806451612902,11.03225806451613,-0.1520584702959452,0.1686835241530256,-0.2062814710913553
-5.225806451612902,12.193548387096772,-0.15855471293045492,0.1844278798329236,-0.23519351463634267
-5.225806451612902,13.354838709677416,-0.16320096260578712,0.20168306822181278,-0.2659886939600478
-5.225806451612902,14.516129032258057,-0.16584092547613144,0.22079337316963538,-0.2979064661336493
-5.225806451612902,15.677419354838717,-0.16607231873737677,0.24216075592811806,-0.33137054112944586
-5.225806451612902,16.83870967741936,-0.1637294846907606,0.26620878595873115,-0.36601209077755714
-5.225806451612902,18.0,-0.15871515406162912,0.2933834088358995,-0.4015674336111394
-1.741935483870968,-18.0,0.12468681227188562,-0.18450393682394772,-2.9344136367459916
-1.741935483870968,-16.838709677419356,0.12338600886205855,-0.16442974798043536,-2.9572398068492394
-1.741935483870968,-15.677419354838714,0.11981551424584364,-0.14813123931516337,-2.983596086308912
-1.741935483870968,-14.516129032258057,0.11421903359017524,-0.13315523708942464,-3.0077828244718403
-1.741935483870968,-13.354838709677416,0.10697169790966923,-0.11919017765963281,-3.0298098196719225
-1.741935483870968,-12.19354838709677,0.09842287022449502,-0.10598327965345049,-3.0496974988114074
-1.741935483870968,-11.032258064516128,0.08888197953487817,-0.09333250525560378,-3.067467185475546
-1.741935483870968,-9.870967741935486,0.07861244333359232,-0.08107893878243902,-3.0831355984798505
-1.741935483870968,-8.709677419354836,0.06783064085914274,-0.06910009796428636,-3.096711479890031
-1.741935483870968,-7.548387096774192,0.05670800169574292,-0.057304145601920986,-3.108193041234928
-1.741935483870968,-6.38709677419355,0.045374795607715894,-0.04562479618950356,-3.1175645913520706
-1.741935483870968,-5.225806451612902,0.033924957688141584,-0.034016802012199546,-3.124788938613388
-1.741935483870968,-4.064516129032256,0.02242232740080734,-0.022452532079032823,-3.12978340949961
-1.741935483870968,-2.903225806451613,0.017357375679628417,-0.017412663633166386,-3.1380077879804693
-1.741935483870968,-1.741935483870968,-1.3604023967941913e-05,0.00016645841266784965,-0.005102531855797684
-1.741935483870968,-0.5806451612903203,-0.01758706932363465,0.01758518295446145,3.135821687532979
-1.741935483870968,0.5806451612903238,-0.022433411358685817,0.022392237384093714,3.1096192146964534
-1.741935483870968,1.741935483870968,-0.03394922840536848,0.03392372414511849,1.5595982874882754
-1.741935483870968,2.903225806451616,-0.045491726525499536,0.04550756252716412,0.001002583673347849
-1.741935483870968,4.064516129032258,-0.05702566010849888,0.057118150647439254,-0.020488485256651347
-1.741935483870968,5.225806451612902,-0.06839121718841526,0.0687654122361951,-0.03718917731416415
-1.741935483870968,6.387096774193552,-0.0796203361194142,0.0805495502703557,-0.053223179801560966
-1.741935483870968,7.548387096774193,-0.0906694293506884,0.09256185204180618,-0.06973483781538865
-1.741935483870968,8.709677419354843,-0.10120569837804418,0.10483391250167257,-0.08840693296769456
-1.741935483870968,9.870967741935488,-0.11104653560854845,0.11750045396941183,-0.10913919260372866
-1.741935483870968,11.03225806451613,-0.12011658836542848,0.13077294275389845,-0.13125717328670444
-1.741935483870968,12.193548387096772,-0.1281565605099568,0.14484086790903414,-0.15490795682297792
-1.741935483870968,13.354838709677416,-0.1346908905372801,0.15990620053436205,-0.18076404265853116
-1.741935483870968,14.516129032258057,-0.13947105676650332,0.17628005251504822,-0.208488590699684
-1.741935483870968,15.677419354838717,-0.14216585156169906,0.19430518020878249,-0.2380351384032398
-1.741935483870968,16.83870967741936,-0.14246494468896476,0.21437822988196817,-0.26932211857407834
-1.741935483870968,18.0,-0.14012172824933214,0.23694737177338546,-0.3022056460206238
18.0,18.0,-0.0001432858360792035,-0.0001432858360792035,0.0
18.0,16.838709677419356,0.01773741879331132,-0.017735548978968972,0.001777265524326164
18.0,15.677419354838714,0.022409928346160173,-0.022350186017139496,0.0055241725407089775
18.0,14.516129032258057,0.033888651973117696,-0.03362116659698193,0.011720121989260384
18.0,13.354838709677416,0.045390402495511434,-0.044628121783550495,0.01992261977507556
18.0,12.19354838709677,0.05697873602217946,-0.0552697585218563,0.030151294847055303
18.0,11.032258064516128,0.0687410853747241,-0.06544946656780498,0.042422723730442556
18.0,9.870967741935486,0.08078268002020228,-0.07508052184192371,0.05674655630214276
18.0,8.709677419354836,0.09322022015753517,-0.08409208809898101,0.07312117432893371
18.0,7.548387096774192,0.10617476395409525,-0.09243549653098145,0.09152928088819054
18.0,6.38709677419355,0.119763509979812,-0.1000901831392682,0.1119339272033825
18.0,5.225806451612902,0.1340903278738155,-0.10706863719720087,0.1342755069734519
18.0,4.064516129032256,0.14923514399288945,-0.11341970736429628,0.1584702937967878
18.0,2.903225806451613,0.16524264023155233,-0.11922969652413491,0.18441105645373396
18.0,1.741935483870968,0.18211108196191816,-0.12462092271480273,0.2119700453459457
18.0,0.5806451612903203,0.1995807496463759,-0.12954981553087158,0.24191101806267473
18.0,-0.5806451612903238,0.21789911320300917,-0.1344858136677694,0.2727161329817832
18.0,-1.741935483870968,0.23698602903887758,-0.13994842686455491,0.30290364921462126
18.0,-2.903225806451616,0.25606759183367145,-0.14544320950675463,0.3354624106881785
18.0,-4.064516129032258,0.2750733451568316,-0.1514881671715256,0.3689268191170715
18.0,-5.225806451612902,0.2936302868371364,-0.15831442105466564,0.4031759762958001
18.0,-6.387096774193552,0.31132811966650303,-0.16615454161769252,0.4381099012101384
18.0,-7.548387096774193,0.32773096310164174,-0.1752466604994383,0.4736399455861749
18.0,-8.709677419354843,0.3423959050699138,-0.185835831384275,0.5096865283002368
18.0,-9.870967741935488,0.35489551670156666,-0.1981713716514984,0.5461959311392043
18.0,-11.03225806451613,0.3648008932001332,-0.21249845558778813,0.5832710774820201
18.0,-12.193548387096772,0.37191196222193396,-0.2289363834234255,0.6212993096838504
18.0,-13.354838709677416,0.3756829547538631,-0.2483836695037468,0.6574912765567473
18.0,-14.516129032258057,0.3761991956511762,-0.2704133384573816,0.6953134507445324
18.0,-15.677419354838717,0.3733977253589298,-0.29496631023781067,0.7402639398347314
18.0,-16.83870967741936,0.3671158870560793,-0.3240006136041952,0.7781053736080769
18.0,-18.0,0.35779083425773534,-0.35596810115549266,-0.42470850635854435
-18.0,-18.0,0.00014328583606362937,0.00014328583606362937,0.0
-18.0,-16.838709677419356,-0.01768209661559072,0.017683530139878317,3.1393067805291905
-18.0,-15.677419354838714,-0.022402314666116748,0.022311444985926642,3.1342016618139232
-18.0,-14.516129032258057,-0.03389714955206104,0.03357297127989229,3.128047648613547
-18.0,-13.354838709677416,-0.045427049131061506,0.044579477450189274,3.1199143674042173
-18.0,-12.19354838709677,-0.05705196837545409,0.055228640352519134,3.109778363350222
-18.0,-11.032258064516128,-0.06885467095521429,0.06542143704869283,3.097615888274578
-18.0,-9.870967741935486,-0.0809357731706151,0.07506806387141877,3.083409419613161
-18.0,-8.709677419354836,-0.09340833021121411,0.0840948191193595,3.0671536506934682
-18.0,-7.548387096774192,-0.10639109543082854,0.09245092967604139,3.048860761219035
-18.0,-6.38709677419355,-0.12000023107544176,0.10011466909412456,3.0285645936377863
-18.0,-5.225806451612902,-0.13433952885878148,0.10709822066590004,3.006323407738363
-18.0,-4.064516129032256,-0.14948943378677276,0.11345076109352879,2.982220862611075
-18.0,-2.903225806451613,-0.16549544674007644,0.11925929874728812,2.956364867186356
-18.0,-1.741935483870968,-0.18235679008560085,0.12464700051458198,2.9288840692430824
-18.0,-0.5806451612903203,-0.2000158027073247,0.12976843419196063,2.899919085341156
-18.0,0.5806451612903238,-0.21835294200184768,0.13480632491559028,2.869627198227725
-18.0,1.741935483870968,-0.23718209751875508,0.1399627157485367,2.8381608304730226
-18.0,2.903225806451616,-0.25624596935594374,0.14544955838988785,2.8056559686930305
-18.0,4.064516129032258,-0.27522974027951697,0.15149048553063593,2.772246738797707
-18.0,5.225806451612902,-0.29376448364193547,0.15831345926028853,2.7380481374063104
-18.0,6.387096774193552,-0.3114406228470136,0.16615115969711555,2.7031601636764
-18.0,7.548387096774193,-0.32782317475938105,0.17524150276844833,2.667670817483686
-18.0,8.709677419354843,-0.3424693024629787,0.1858299203261197,2.631661110483743
-18.0,9.870967741935488,-0.3549480680597803,0.1981705502182713,2.5952100369516318
-18.0,11.03225806451613,-0.3648618987738911,0.21252707417072797,2.558396481958698
-18.0,12.193548387096772,-0.37186914894863793,0.22917086672718281,2.5212919589970535
-18.0,13.354838709677416,-0.37570638902236675,0.24837677907005892,2.4839290891398975
-18.0,14.516129032258057,-0.3762085435466503,0.2704157637791184,2.446192079554487
-18.0,15.677419354838717,-0.3733242340880388,0.29554488748104407,2.4073659863227177
-18.0,16.83870967741936,-0.36712365340718056,0.3239956458917129,2.362923765058225
-18.0,18.0,-0.3577968543442871,0.3559621686493901,-0.42837318033178967
0.5806451612903238,18.0,-0.12975821963596856,0.20209948877418077,-0.23461657003083775
0.5806451612903238,16.838709677419356,-0.12963343319359044,0.18027096709027562,-0.21144498653802868
0.5806451612903238,15.677419354838714,-0.12730848207723516,0.16287190368614482,-0.18277169069116106
0.5806451612903238,14.516129032258057,-0.12275512173884787,0.1469944350661936,-0.15637307690813979
0.5806451612903238,13.354838709677416,-0.11633923539999698,0.13227067679931812,-0.13230651021825315
0.5806451612903238,12.19354838709677,-0.10835879584351371,0.11826775159328037,-0.11114197633284302
0.5806451612903238,11.032258064516128,-0.0992150057370113,0.10507805617250225,-0.09129986679462974
0.5806451612903238,9.870967741935486,-0.0895549341865812,0.09302852150344912,-0.07110693625422508
0.5806451612903238,8.709677419354836,-0.07903300873008083,0.08086277491298063,-0.05471360431336655
0.5806451612903238,7.548387096774192,-0.06806607629935552,0.0689277611150352,-0.04031195486908707
0.5806451612903238,6.38709677419355,-0.056517170735975245,0.05646679923127788,-0.03171350010624985
0.5806451612903238,5.225806451612902,-0.045384240649547915,0.04552549070793912,-0.0165510878277897
0.5806451612903238,4.064516129032256,-0.03391027079577421,0.03395092202374113,-0.006795127020403116
0.5806451612903238,2.903225806451613,-0.02241211087848997,0.022419781656576335,0.0021218010878032664
0.5806451612903238,1.741935483870968,-0.01758728172350205,0.017592573221723397,0.001701382472346744
0.5806451612903238,0.5806451612903203,-8.659031484401456e-05,-0.00016225448799650488,-0.07136061372206177
0.5806451612903238,-0.5806451612903238,0.017592814393131442,-0.017591083512697146,0.0
0.5806451612903238,-1.741935483870968,0.022392237384094578,-0.022433411358686706,-3.1096192146964516
0.5806451612903238,-2.903225806451616,0.03393747423159594,-0.03399655597523843,-3.1166902140400956
0.5806451612903238,-4.064516129032258,0.04545805624033439,-0.04559153556018043,-3.1131821335452714
0.5806451612903238,-5.225806451612902,0.056908182401868,-0.057234462084026785,-3.1055735044948842
0.5806451612903238,-6.387096774193552,0.06823258657839486,-0.06893767727200703,-3.0952485031158004
0.5806451612903238,-7.548387096774193,0.07933070454205499,-0.08084012418407097,-3.0821242600790364
0.5806451612903238,-8.709677419354843,0.09008015430310039,-0.09293940925337243,-3.0668959637808526
0.5806451612903238,-9.870967741935488,0.10029609482262278,-0.10530817469736468,-3.049699522986961
0.5806451612903238,-11.03225806451613,0.10980476440420131,-0.1182577261250308,-3.0299925615979006
0.5806451612903238,-12.193548387096772,0.11830963504200782,-0.13179553230688837,-3.008374220170653
0.5806451612903238,-13.354838709677416,0.12553067404619347,-0.14618422256315106,-2.984701746270444
0.5806451612903238,-14.516129032258057,0.13114024125875373,-0.1616864685021679,-2.9589936492561737
0.5806451612903238,-15.677419354838717,0.13479264919056516,-0.17862684181391073,-2.931268061024033
0.5806451612903238,-16.83870967741936,0.13615136652733253,-0.19736924202190256,-2.9016071948368656
0.5806451612903238,-18.0,0.13492253343041238,-0.21834738234409273,-2.870119569564067
12.193548387096772,18.0,-0.05526590749479824,0.05698485207226003,-0.030142918586681344
12.193548387096772,16.838709677419356,-0.04473410222120367,0.045436173598540505,-0.019837696951459035
12.193548387096772,15.677419354838714,-0.03370482169640763,0.033929839196148066,-0.011559895080506099
12.193548387096772,14.516129032258057,-0.022383746643692293,0.02242794693305459,-0.005279623837155509
12.193548387096772,13.354838709677416,-0.017673778076804023,0.01767582470307668,-0.0016896211494064834
12.193548387096772,12.19354838709677,-1.948607770307642e-05,-7.385591449012019e-06,0.00013278519320791902
12.193548387096772,11.032258064516128,0.017662804726665652,-0.01766068202141479,0.001656374502937452
12.193548387096772,9.870967741935486,0.02243630222164074,-0.02240242856712653,0.00503220181902714
12.193548387096772,8.709677419354836,0.03397307711225085,-0.03381154755455424,0.011197378711551915
12.193548387096772,7.548387096774192,0.04556014874892594,-0.045097605454189296,0.019348476884721025
12.193548387096772,6.38709677419355,0.057239491077155244,-0.056215023381771374,0.029488435442550975
12.193548387096772,5.225806451612902,0.06906019889206846,-0.06712661639147818,0.04161514415727073
12.193548387096772,4.064516129032256,0.08107148811807317,-0.07780726616144719,0.05572005157060844
12.193548387096772,2.903225806451613,0.09331572395001456,-0.08824773399963277,0.0717865766006532
12.193548387096772,1.741935483870968,0.10582125066076212,-0.09845822272216541,0.08978877904279361
12.193548387096772,0.5806451612903203,0.11826445324866912,-0.10836361656270818,0.11112533382653016
12.193548387096772,-0.5806451612903238,0.13143653549091958,-0.11830091024457906,0.13234200062180954
12.193548387096772,-1.741935483870968,0.14482829707332215,-0.1281602415176217,0.15501156562302873
12.193548387096772,-2.903225806451616,0.15812570328306882,-0.1379740000875674,0.1805446401792733
12.193548387096772,-4.064516129032258,0.17138360479250814,-0.14803651935902565,0.20756069709170294
12.193548387096772,-5.225806451612902,0.18441259974499224,-0.1585425601833764,0.23579808310795006
12.193548387096772,-6.387096774193552,0.19696247200212963,-0.1695250864224965,0.2659410871933722
12.193548387096772,-7.548387096774193,0.20868912910186602,-0.18124429668121766,0.2983785779104966
12.193548387096772,-8.709677419354843,0.21948138806359316,-0.19410983414835012,0.33055321900645823
12.193548387096772,-9.870967741935488,0.2287589804201156,-0.20814794988846394,0.3669194167675556
12.193548387096772,-11.03225806451613,0.23637429961520384,-0.22391750485313494,0.4038308802450585
12.193548387096772,-12.193548387096772,0.24186025342727707,-0.2415587430779419,0.06337068122019374
12.193548387096772,-13.354838709677416,0.24496316479402686,-0.2614573207674478,-2.6806884316754376
12.193548387096772,-14.516129032258057,0.24544766034028284,-0.2839720786780774,-2.640317164092019
12.193548387096772,-15.677419354838717,0.24316596203842022,-0.3094551774059038,-2.602144870506538
12.193548387096772,-16.83870967741936,0.23808156406176456,-0.33824466927651003,-2.5646251280500736
12.193548387096772,-18.0,0.23028479115053735,-0.37064760552932247,-2.527705822506219
-14.516129032258057,-18.0,0.033572968910299456,-0.03389715575545141,-3.128047669495892
-14.516129032258057,-16.838709677419356,0.022325025422150542,-0.022410688987930513,-3.134134498494411
-14.516129032258057,-15.677419354838714,0.017657377267856152,-0.01765598832394704,-3.139268310723023
-14.516129032258057,-14.516129032258057,-0.00022840661727904405,0.0006110840291557516,0.026197860264775486
-14.516129032258057,-13.354838709677416,-0.01764444654290165,0.017645799401947274,3.1392443448377945
-14.516129032258057,-12.19354838709677,-0.02242524118989646,0.022349973738343087,3.13396401545017
-14.516129032258057,-11.032258064516128,-0.03395953402933771,0.03369913230866823,3.127819224903961
-14.516129032258057,-9.870967741935486,-0.04554793972660106,0.044880807529729935,3.1197169036158745
-14.516129032258057,-8.709677419354836,-0.05723938302697517,0.055828380520345,3.1096446432568228
-14.516129032258057,-7.548387096774192,-0.06909578829790185,0.06648131133838468,3.0975906114051273
-14.516129032258057,-6.38709677419355,-0.08118619945832119,0.0767898228469266,3.083548995713967
-14.516129032258057,-5.225806451612902,-0.09358055844838754,0.08671999531448996,3.0675243449819853
-14.516129032258057,-4.064516129032256,-0.10634261068405243,0.09625845359855399,3.049534806220349
-14.516129032258057,-2.903225806451613,-0.11952200732116865,0.10541625108046923,3.029614107319508
-14.516129032258057,-1.741935483870968,-0.13314588687990667,0.11423173169839342,3.0078122277071997
-14.516129032258057,-0.5806451612903203,-0.1472034387458434,0.12277247925484489,2.9842051098206266
-14.516129032258057,0.5806451612903238,-0.16166920743111257,0.131135008171778,2.958845754819445
-14.516129032258057,1.741935483870968,-0.17644413342682116,0.13944570656392938,2.931844027540273
-14.516129032258057,2.903225806451616,-0.19138481760555753,0.1478581421538988,2.9032991765380443
-14.516129032258057,4.064516129032258,-0.20630164781117571,0.15655136570489508,2.8733085693598364
-14.516129032258057,5.225806451612902,-0.22094870614228573,0.16572787471239578,2.8419724045609325
-14.516129032258057,6.387096774193552,-0.23503143939578067,0.17561155892220387,2.8093853811777234
-14.516129032258057,7.548387096774193,-0.24821462545745393,0.1864462174703468,2.7756314457958626
-14.516129032258057,8.709677419354843,-0.2601342067216405,0.1984945323200535,2.7407742041537473
-14.516129032258057,9.870967741935488,-0.27041295576322355,0.21203720136948334,2.704831833206089
-14.516129032258057,11.03225806451613,-0.27867975153294255,0.22737164319176506,2.66769507892461
-14.516129032258057,12.193548387096772,-0.2845919372583211,0.24480946649624064,2.6287825071271254
-14.516129032258057,13.354838709677416,-0.28785971465966326,0.2646718292853377,2.5845898680374955
-14.516129032258057,14.516129032258057,-0.2882707935513647,0.287281965035415,-0.007718512133423663
-14.516129032258057,15.677419354838717,-0.28569613617646805,0.31296539734956585,-0.6018460694213366
-14.516129032258057,16.83870967741936,-0.2798304368562141,0.3420027932510036,-0.6494399692722664
-14.516129032258057,18.0,-0.27182707996580174,0.3746265972997391,-0.6835607070791915
14.516129032258057,18.0,-0.03362116371666316,0.03388865816769733,-0.011720103307858243
14.516129032258057,16.838709677419356,-0.02236210920892968,0.022416665103010887,-0.005454510962054269
14.516129032258057,15.677419354838714,-0.017702768048298276,0.017704708515970505,-0.0017404408094575665
14.516129032258057,14.516129032258057,-3.176610089609122e-05,-8.564784265446823e-06,0.00013053517539225238
14.516129032258057,13.354838709677416,0.017689788860158092,-0.017687801204148246,0.0017172124625001752
14.516129032258057,12.19354838709677,0.02242794693333822,-0.02238374664397641,0.005279623837160619
14.516129032258057,11.032258064516128,0.0339467180005549,-0.03374289001679586,0.011459904408372322
14.516129032258057,9.870967741935486,0.04550992286264628,-0.044927854569618,0.019632302790813495
14.516129032258057,8.709677419354836,0.05716988544845396,-0.05587282831356258,0.02980514639248697
14.516129032258057,7.548387096774192,0.06899264187148504,-0.06651904273643063,0.04198222322084558
14.516129032258057,6.38709677419355,0.08105114514303267,-0.07681892900892807,0.05616041193172468
14.516129032258057,5.225806451612902,0.09341834739324484,-0.08674057342032213,0.07232709787297016
14.516129032258057,4.064516129032256,0.10615984308025658,-0.09627202999255381,0.09045781230390221
14.516129032258057,2.903225806451613,0.11932604442447711,-0.10542510236405024,0.11051445430119178
14.516129032258057,1.741935483870968,0.1329439959127024,-0.11423829568481556,0.13244432921023838
14.516129032258057,0.5806451612903203,0.1469763134704062,-0.12277823034795685,0.15632090522712982
14.516129032258057,-0.5806451612903238,0.1614326643471264,-0.1311240236651968,0.18183627049919662
14.516129032258057,-1.741935483870968,0.1762606991007226,-0.13945598636169926,0.2087409434163634
14.516129032258057,-2.903225806451616,0.19121598285845115,-0.14787150561164975,0.23737582645323282
14.516129032258057,-4.064516129032258,0.20614992754261846,-0.15656763665882073,0.26744712355327943
14.516129032258057,-5.225806451612902,0.22081646740263197,-0.16574541450254143,0.2988581085312944
14.516129032258057,-6.387096774193552,0.23492026289657666,-0.1755963137224941,0.3316479177537212
14.516129032258057,-7.548387096774193,0.24812063213371402,-0.18646005872288246,0.3653410331599929
14.516129032258057,-8.709677419354843,0.2600504888267682,-0.19851109938845207,0.400261056196065
14.516129032258057,-9.870967741935488,0.27036146070926587,-0.21200806598000246,0.4364591770862438
14.516129032258057,-11.03225806451613,0.27863177143408097,-0.22739220763389437,0.47327227019435925
14.516129032258057,-12.193548387096772,0.2844865414412918,-0.24466264747173985,0.514871437712928
14.516129032258057,-13.354838709677416,0.2878354973865269,-0.2646876312462717,0.555876255029944
14.516129032258057,-14.516129032258057,0.2882500578165653,-0.28730245168391993,-0.20303369943993546
14.516129032258057,-15.677419354838717,0.28569759318855376,-0.31297425291289044,-2.5394075825440647
14.516129032258057,-16.83870967741936,0.28017880031461,-0.342001213452652,-2.4960189826686996
14.516129032258057,-18.0,0.2718222488372427,-0.3746400786794249,-2.457832753257491
2.903225806451616,18.0,-0.11913597341276873,0.16692945025098477,-0.18053980340037457
2.903225806451616,16.838709677419356,-0.11668627204517766,0.14865768408019375,-0.1576838877561523
2.903225806451616,15.677419354838714,-0.11197246068048695,0.13345086321841634,-0.13303119089218732
2.903225806451616,14.516129032258057,-0.105418871905782,0.11933025541326,-0.11052937586084745
2.903225806451616,13.354838709677416,-0.09739881320327252,0.10602428252850779,-0.09013185905653746
2.903225806451616,12.19354838709677,-0.08824714248483181,0.09331614135413947,-0.07178846188977482
2.903225806451616,11.032258064516128,-0.07825188229918903,0.0810351182823512,-0.05545201016608795
2.903225806451616,9.870967741935486,-0.06765222601665638,0.06904910263379174,-0.04108117257028696
2.903225806451616,8.709677419354836,-0.05664033063317523,0.05725833644706945,-0.028641144922452615
2.903225806451616,7.548387096774192,-0.045365309087781844,0.04559026397668278,-0.018102505078106276
2.903225806451616,6.38709677419355,-0.03393846767371181,0.03399523376408065,-0.00943769208370812
2.903225806451616,5.225806451612902,-0.022438641682034223,0.022442621585066255,-0.0026155770272883257
2.903225806451616,4.064516129032256,-0.01750907416456315,0.017529101721380638,-0.0008830501201070575
2.903225806451616,2.903225806451613,-8.099420570891376e-06,-2.9314986618866427e-05,-0.002132400615551554
2.903225806451616,1.741935483870968,0.017433352770253884,-0.0173775628551948,0.00048091915804201416
2.903225806451616,0.5806451612903203,0.022419781656480977,-0.022412110878395276,-0.002121801087828377
2.903225806451616,-0.5806451612903238,0.03395093159346862,-0.03392496644545449,0.0009443983885770916
2.903225806451616,-1.741935483870968,0.04550756252075986,-0.04549172652962676,-0.0010025828594698168
2.903225806451616,-2.903225806451616,0.05704822905218617,-0.05710251423420188,-1.543862550208924
2.903225806451616,-4.064516129032258,0.06854659806474789,-0.06873461478964824,-3.0805889459382607
2.903225806451616,-5.225806451612902,0.07992224405070157,-0.08048036426747893,-3.0766630137244144
2.903225806451616,-6.387096774193552,0.09109088341548129,-0.09236674895957354,-3.0642537896256274
2.903225806451616,-7.548387096774193,0.1019252162195403,-0.10449919301067048,-3.0481404099378877
2.903225806451616,-8.709677419354843,0.1122603364531045,-0.11699417075888777,-3.0293699011731166
2.903225806451616,-9.870967741935488,0.12188915819040314,-0.12999910941376513,-3.0083078964481
2.903225806451616,-11.03225806451613,0.13056398033642713,-0.14369696809455632,-2.985121696247221
2.903225806451616,-12.193548387096772,0.13800018544485593,-0.15831051836267765,-2.9599089340501212
2.903225806451616,-13.354838709677416,0.14388456185767579,-0.17410669554176378,-2.9327449739457543
2.903225806451616,-14.516129032258057,0.1478898361754128,-0.19140048323227085,-2.90370817600541
2.903225806451616,-15.677419354838717,0.14969713037550428,-0.21055724251866034,-2.8728995408322358
2.903225806451616,-16.83870967741936,0.14902786537235713,-0.23199166659374834,-2.840462061467492
2.903225806451616,-18.0,0.1456858841918511,-0.2561606914035434,-2.8066008935054514
-16.838709677419356,-18.0,0.017683529337402023,-0.01768209580975523,-3.139306780507416
-16.838709677419356,-16.838709677419356,-0.000166448736205424,0.00013790793113341722,0.052307763878257356
-16.838709677419356,-15.677419354838714,-0.017668537894492343,0.017669953018863625,3.1392888959356724
-16.838709677419356,-14.516129032258057,-0.022410688988369003,0.02232502542258917,3.1341344984943853
-16.838709677419356,-13.354838709677416,-0.03392043032233406,0.03361754336507207,3.127984577068709
-16.838709677419356,-12.19354838709677,-0.045473287859003515,0.04468600765462561,3.1198630600177286
-16.838709677419356,-11.032258064516128,-0.05712613475434859,0.0554407208613333,3.1097506026536648
-16.838709677419356,-9.870967741935486,-0.06895535489688111,0.06579628379679212,3.097628018320719
-16.838709677419356,-8.709677419354836,-0.08105151457482496,0.07567705562830032,3.083482415113869
-16.838709677419356,-7.548387096774192,-0.09351359620107598,0.08502334979445478,3.067312585307483
-16.838709677419356,-6.38709677419355,-0.1064420491080833,0.09379740946306954,3.0491335120142566
-16.838709677419356,-5.225806451612902,-0.11993055214518272,0.10198860297611398,3.0289796936359106
-16.838709677419356,-4.064516129032256,-0.1340566468986974,0.1096174245507795,3.0069070663210558
-16.838709677419356,-2.903225806451613,-0.1488716028704987,0.11673794655174703,2.9829933222190093
-16.838709677419356,-1.741935483870968,-0.16439009250332537,0.12343844163397791,2.957336430309051
-16.838709677419356,-0.5806451612903203,-0.18057991999875417,0.12983968578243482,2.930049024579871
-16.838709677419356,0.5806451612903238,-0.19735614548177208,0.13609334150410082,2.901261831428281
-16.838709677419356,1.741935483870968,-0.21457330236111502,0.142376916788922,2.871112008144344
-16.838709677419356,2.903225806451616,-0.2320214824717078,0.1488860121994265,2.83972398820341
-16.838709677419356,4.064516129032258,-0.24943276964260364,0.15583491700765886,2.807229016858081
-16.838709677419356,5.225806451612902,-0.2664835398012043,0.16344997958697935,2.773745330745939
-16.838709677419356,6.387096774193552,-0.2828046767409211,0.17196819811817513,2.7393799375029677
-16.838709677419356,7.548387096774193,-0.2979945126155611,0.18163653863981322,2.704228989083097
-16.838709677419356,8.709677419354843,-0.3116349382113291,0.19271220152715962,2.668379135248579
-16.838709677419356,9.870967741935488,-0.32331029678823253,0.20546313326459936,2.631907706942647
-16.838709677419356,11.03225806451613,-0.33262867469968715,0.22016779615456894,2.5948758763287807
-16.838709677419356,12.193548387096772,-0.33924483858818216,0.23711330171410633,2.5572998561418436
-16.838709677419356,13.354838709677416,-0.3428836069149834,0.2565910612617101,2.5190474712687765
-16.838709677419356,14.516129032258057,-0.3433616998178028,0.27888951441771387,2.4794020291826815
-16.838709677419356,15.677419354838717,-0.3406054688949391,0.30428403752936084,2.433955755731616
-16.838709677419356,16.83870967741936,-0.33466161091213587,0.3330248487127292,-0.6057771326881419
-16.838709677419356,18.0,-0.32569231718051866,0.3653277264944938,-0.7426370827158955
11.03225806451613,18.0,-0.06543416728811627,0.06876760376900069,-0.04238658587889939
11.03225806451613,16.838709677419356,-0.05548292167548174,0.057054135821631546,-0.03004628371334849
11.03225806451613,15.677419354838714,-0.044833998264037646,0.04547600273701942,-0.01974207275508897
11.03225806451613,14.516129032258057,-0.033742890016790546,0.03394671800055512,-0.011459904408419706
11.03225806451613,13.354838709677416,-0.022393458584283328,0.022432491175824274,-0.005167579810966339
11.03225806451613,12.19354838709677,-0.01766068202141483,0.017662804726666204,-0.0016563745029375017
11.03225806451613,11.032258064516128,-1.577343594435232e-05,-6.863711544024172e-06,0.000130416472086786
11.03225806451613,9.870967741935486,0.017650700784423583,-0.017648475463717235,0.0016156131617880035
11.03225806451613,8.709677419354836,0.02243937632407289,-0.022410649751183554,0.004865238035984672
11.03225806451613,7.548387096774192,0.03398256410868686,-0.033842144100098816,0.011018906158481173
11.03225806451613,6.38709677419355,0.04557649903774547,-0.045173564192646704,0.019156239763980214
11.03225806451613,5.225806451612902,0.0572571652088125,-0.05636850197624075,0.02927807582111189
11.03225806451613,4.064516129032256,0.06906443538634634,-0.0673995919107749,0.04138002548502239
11.03225806451613,2.903225806451613,0.08103503369639282,-0.07825199836657033,0.05545157268536311
11.03225806451613,1.741935483870968,0.09319559446088575,-0.0889269742645873,0.07147500462818211
11.03225806451613,0.5806451612903203,0.10507678646538614,-0.09921638819186328,0.09129621415459287
11.03225806451613,-0.5806451612903238,0.11742586219889008,-0.10953768896889361,0.11246736345967341
11.03225806451613,-1.741935483870968,0.13076567799791367,-0.12012040839283641,0.13131936500624733
11.03225806451613,-2.903225806451616,0.14352231258618822,-0.13056869123111914,0.15465819321977667
11.03225806451613,-4.064516129032258,0.1562152885211058,-0.1411929641848892,0.17967623094319643
11.03225806451613,-5.225806451612902,0.16866773594202264,-0.15205790265747185,0.20677837071809665
11.03225806451613,-6.387096774193552,0.18067745140429764,-0.16347702406330894,0.2352168746326214
11.03225806451613,-7.548387096774193,0.19198951182557292,-0.17557469955721697,0.2654623099751289
11.03225806451613,-8.709677419354843,0.20231178399911767,-0.18860206353016817,0.29775284555636006
11.03225806451613,-9.870967741935488,0.21133871663829165,-0.20285714803284394,0.33215769425206443
11.03225806451613,-11.03225806451613,0.2187182331843624,-0.2186253393373774,-0.14073811747449572
11.03225806451613,-12.193548387096772,0.22412447543117706,-0.23620071512441398,-2.748998007744357
11.03225806451613,-13.354838709677416,0.22725897983165624,-0.2559438281130005,-2.7114092371308436
11.03225806451613,-14.516129032258057,0.22787402453547864,-0.27821643897440523,-2.674436365837108
11.03225806451613,-15.677419354838717,0.22580381534371607,-0.3033863936556919,-2.637357541099401
11.03225806451613,-16.83870967741936,0.22099006521515444,-0.33181342054972907,-2.6002666685915026
11.03225806451613,-18.0,0.21350200558852384,-0.3638310808279267,-2.5634221182282344
9.870967741935488,18.0,-0.0750392685934476,0.08086282039377791,-0.056634796601475496
9.870967741935488,16.838709677419356,-0.06582747570481838,0.06884525000481384,-0.042283175097614256
9.870967741935488,15.677419354838714,-0.055683899361398066,0.05711782019522695,-0.029932145202900433
9.870967741935488,14.516129032258057,-0.044927854552924605,0.04550992286695182,-0.019632302883807885
9.870967741935488,13.354838709677416,-0.0337784633910712,0.03396112907827829,-0.011341191675524043
9.870967741935488,12.19354838709677,-0.022402428566855318,0.02243630222136983,-0.005032201819019874
9.870967741935488,11.032258064516128,-0.017648475463717235,0.01765070078442266,-0.001615613161787991
9.870967741935488,9.870967741935486,-1.283062550850265e-05,-6.527704993537775e-06,0.00012192168861607401
9.870967741935488,8.709677419354836,0.017639449582340552,-0.017637077030418398,0.0015645655488496408
9.870967741935488,7.548387096774192,0.022441706032256377,-0.022418108834108656,0.004654050175897434
9.870967741935488,6.38709677419355,0.03398958649825909,-0.03387024538304281,0.010790773368568603
9.870967741935488,5.225806451612902,0.045587022518457594,-0.045243599018238684,0.018909060463776835
9.870967741935488,4.064516129032256,0.0572634755510603,-0.05651032546418044,0.029007943172714126
9.870967741935488,2.903225806451613,0.0690490923684008,-0.06765223965644178,0.04108110959440422
9.870967741935488,1.741935483870968,0.0809675942276435,-0.07866399583202625,0.05511702704609145
9.870967741935488,0.5806451612903203,0.09302817340957903,-0.08955535100402841,0.07110531165790389
9.870967741935488,-0.5806451612903238,0.10510044102573336,-0.10023453453597207,0.08970965184114954
9.870967741935488,-1.741935483870968,0.11749574818296663,-0.11105076624043825,0.10916086420491314
9.870967741935488,-2.903225806451616,0.12984897043850052,-0.12195079743541784,0.13038901218393537
9.870967741935488,-4.064516129032258,0.1420947914132204,-0.1328795616902521,0.15401230287639578
9.870967741935488,-5.225806451612902,0.1541284286537436,-0.14414928464081717,0.1790405327570141
9.870967741935488,-6.387096774193552,0.16568021796772073,-0.1558134882499567,0.20671736335162175
9.870967741935488,-7.548387096774193,0.17671838509432217,-0.16816502857922433,0.23442620255618743
9.870967741935488,-8.709677419354843,0.18676529862502578,-0.18131518331751922,0.2656558363066017
9.870967741935488,-9.870967741935488,0.19561278156772907,-0.19564308260638066,-0.5331828020559282
9.870967741935488,-11.03225806451613,0.20290724301110205,-0.2113316647712989,-2.8142236501665163
9.870967741935488,-12.193548387096772,0.20833649532650123,-0.22873397711675916,-2.7800493783522264
9.870967741935488,-13.354838709677416,0.21159503809636473,-0.24819586771331303,-2.7450221978628813
9.870967741935488,-14.516129032258057,0.21242330955874866,-0.2700853244231668,-2.7091863320971226
9.870967741935488,-15.677419354838717,0.2106360909298738,-0.2947833968908595,-2.6727486282330166
9.870967741935488,-16.83870967741936,0.20615114270806129,-0.3226700507006482,-2.6359819399141005
9.870967741935488,-18.0,0.19901378328511254,-0.35410540808584784,-2.5992089406885555
-8.709677419354836,-18.0,0.0840103741982814,-0.09359629150209997,-3.0674290730926868
-8.709677419354836,-16.838709677419356,0.07567680310444488,-0.08105161415710722,-3.083481763244081
-8.709677419354836,-15.677419354838714,0.06614943153940307,-0.06903566321991632,-3.097620780631763
-8.709677419354836,-14.516129032258057,0.055828379066291116,-0.05723938359637473,-3.1096446372563444
-8.709677419354836,-13.354838709677416,0.04496916679244226,-0.04557641846607285,-3.119613756599006
-8.709677419354836,-12.19354838709677,0.03377071822116216,-0.03398874839242798,-3.1275735356822896
-8.709677419354836,-11.032258064516128,0.02238186668595443,-0.0224415855019804,-3.1335546277593105
-8.709677419354836,-9.870967741935486,0.017609002886486903,-0.017608009107396638,-3.1390893067304044
-8.709677419354836,-8.709677419354836,-0.00016356556295116508,0.0003859544193830703,-3.2972383149439587e-05
-8.709677419354836,-7.548387096774192,-0.01760099185761006,0.017601753035316022,3.139023198068211
-8.709677419354836,-6.38709677419355,-0.022448807613234385,0.022399404445179703,3.133069573018521
-8.709677419354836,-5.225806451612902,-0.034014132969429914,0.033859482967557586,3.1268824990593838
-8.709677419354836,-4.064516129032256,-0.0456319519684597,0.04526320805170044,3.118762692128217
-8.709677419354836,-2.903225806451613,-0.057321673251258046,0.05659035432171333,3.1087072453891342
-8.709677419354836,-1.741935483870968,-0.06910008837475333,0.06783065244645486,3.096711538635323
-8.709677419354836,-0.5806451612903203,-0.08097473713354117,0.07898733147797653,3.0827722724059723
-8.709677419354836,0.5806451612903238,-0.09293877029541617,0.09008066516511905,3.0668921531444915
-8.709677419354836,1.741935483870968,-0.10496311317268961,0.10115164572199561,3.04907748790388
-8.709677419354836,2.903225806451616,-0.1169899799169968,0.1122636028189226,3.0293285980053617
-8.709677419354836,4.064516129032258,-0.1289290040262107,0.1235055719353226,3.007637618364275
-8.709677419354836,5.225806451612902,-0.14065141051708532,0.13499365164395136,2.9839473742417133
-8.709677419354836,6.387096774193552,-0.1519873163762566,0.14687276934481602,2.958012622820335
-8.709677419354836,7.548387096774193,-0.16272485169874715,0.15931820482406986,2.928429262183083
-8.709677419354836,8.709677419354843,-0.17261273490157739,0.17253725709222525,1.3632386497320335
-8.709677419354836,9.870967741935488,-0.18132163760024406,0.18675594781621727,-0.26103852913274567
-8.709677419354836,11.03225806451613,-0.18865601623162145,0.2022833914259518,-0.29418691517869344
-8.709677419354836,12.193548387096772,-0.19421271280633293,0.21941210085850438,-0.3275639661508704
-8.709677419354836,13.354838709677416,-0.19760726666122963,0.23847102559540173,-0.36248998120295006
-8.709677419354836,14.516129032258057,-0.19879667664762757,0.25983444849415455,-0.39734895470599957
-8.709677419354836,15.677419354838717,-0.19732515151885385,0.28392180941071643,-0.4335031357312015
-8.709677419354836,16.83870967741936,-0.19328852220743045,0.3110788149789793,-0.4697728232988371
-8.709677419354836,18.0,-0.18655599658150104,0.341730982316067,-0.506482644244554
-6.38709677419355,-18.0,0.09994138072865061,-0.12058905480288966,-3.029569721584612
-6.38709677419355,-16.838709677419356,0.09379388436986427,-0.10644381029896621,-3.049125779449253
-6.38709677419355,-15.677419354838714,0.08589700500663101,-0.09357123103908567,-3.067435055516334
-6.38709677419355,-14.516129032258057,0.07678963853460839,-0.08118629757235489,-3.083548448233613
-6.38709677419355,-13.354838709677416,0.066792127684042,-0.06913597673951448,-3.097531446330224
-6.38709677419355,-12.19354838709677,0.05616824800251436,-0.057306454141579935,-3.1094377570917953
-6.38709677419355,-11.032258064516128,0.04512800112130958,-0.0456158192615324,-3.1193099351419047
-6.38709677419355,-9.870967741935486,0.033832370406030966,-0.03400812508645561,-3.1271801595642463
-6.38709677419355,-8.709677419354836,0.022399404445672212,-0.022448807613726435,-3.133069573018508
-6.38709677419355,-7.548387096774192,0.017594620764084933,-0.017594279853310694,-3.138935506774708
-6.38709677419355,-6.38709677419355,0.00022663026945147214,-0.00013183530954640106,-0.05254109306825298
-6.38709677419355,-5.225806451612902,-0.017586605622171292,0.017586033926066377,3.138814188906024
-6.38709677419355,-4.064516129032256,-0.022452962653925386,0.022413740940977225,3.132152273000097
-6.38709677419355,-2.903225806451613,-0.034018704826354954,0.03390614746574213,3.125835089852872
-6.38709677419355,-1.741935483870968,-0.045624796185469156,0.045374795612663915,3.1175645914136245
-6.38709677419355,-0.5806451612903203,-0.05709909560732196,0.05677406234380508,3.108223425931806
-6.38709677419355,0.5806451612903238,-0.06893765836487735,0.06823260362803213,3.0952483301192024
-6.38709677419355,1.741935483870968,-0.08067599490810741,0.07964263379200055,3.080768873768503
-6.38709677419355,2.903225806451616,-0.09236613178226243,0.0910914484793902,3.0642452467854424
-6.38709677419355,4.064516129032258,-0.10396840290041369,0.10263658844065314,3.045068228742171
-6.38709677419355,5.225806451612902,-0.11538234080697642,0.11436221673833727,3.0210260891080063
-6.38709677419355,6.387096774193552,-0.12647341057167977,0.12638144543582377,1.4399811901772916
-6.38709677419355,7.548387096774193,-0.13697063871671034,0.13880077299845553,-0.1501467131884002
-6.38709677419355,8.709677419354843,-0.146929257173177,0.15189000941999384,-0.1768900182192099
-6.38709677419355,9.870967741935488,-0.1558054511475203,0.16569373810660468,-0.20597729389138983
-6.38709677419355,11.03225806451613,-0.1634815352148043,0.18069157439613542,-0.23433875699980644
-6.38709677419355,12.193548387096772,-0.16955846964732216,0.19696131674471876,-0.26490448138525086
-6.38709677419355,13.354838709677416,-0.17375956504058393,0.2148944745888399,-0.2968365349941456
-6.38709677419355,14.516129032258057,-0.17573572334294857,0.2348547063159808,-0.33027566266891123
-6.38709677419355,15.677419354838717,-0.17535827063660397,0.25723402817208463,-0.3645645599516156
-6.38709677419355,16.83870967741936,-0.17233506978561272,0.2824611413993645,-0.399979874110339
-6.38709677419355,18.0,-0.16665264802470073,0.31096440121886726,-0.436066966622151
-4.064516129032256,-18.0,0.11326126436579796,-0.1508006930412429,-2.9848846063911414
-4.064516129032256,-16.838709677419356,0.10959933834048838,-0.13406779725113488,-3.006871198398339
-4.064516129032256,-15.677419354838714,0.10374724796629502,-0.11977510491855667,-3.0293142974482024
-4.064516129032256,-14.516129032258057,0.09625593904632906,-0.10634419877608889,-3.0495284262847586
-4.064516129032256,-13.354838709677416,0.08749002168328168,-0.09354415905709343,-3.0675649416303847
-4.064516129032256,-12.19354838709677,0.07776667478802603,-0.0811946099466759,-3.083470900419214
-4.064516129032256,-11.032258064516128,0.06735188327907383,-0.06915710858404017,-3.0972860376299867
-4.064516129032256,-9.870967741935486,0.05646122164430434,-0.057327916390797366,-3.1090420156020455
-4.064516129032256,-8.709677419354836,0.04526320804442706,-0.04563195197309668,-3.1187626920569214
-4.064516129032256,-7.548387096774192,0.03388410606970106,-0.03401767883227915,-3.126464088889999
-4.064516129032256,-6.38709677419355,0.022413740941432225,-0.022452962654380314,-3.1321522730000813
-4.064516129032256,-5.225806451612902,0.01756921864608141,-0.017572496790652765,-3.138638967629182
-4.064516129032256,-4.064516129032256,-8.754562955395339e-05,0.00027312492225745635,-0.0006582144564648118
-4.064516129032256,-2.903225806451613,-0.01751056015521085,0.017493000939560483,3.1384056067774195
-4.064516129032256,-1.741935483870968,-0.02245253207866422,0.022422327400438747,3.1297834094996184
-4.064516129032256,-0.5806451612903203,-0.03400848223510569,0.03393520772783917,3.1227428170297666
-4.064516129032256,0.5806451612903238,-0.045591535554068294,0.045458056246007995,3.1131821332985186
-4.064516129032256,1.741935483870968,-0.05718258450536947,0.0569892219128852,3.1003421295185416
-4.064516129032256,2.903225806451616,-0.06873459795425357,0.06854661547498024,3.0805880111541986
-4.064516129032256,4.064516129032258,-0.08024795279285021,0.080168388630502,1.521606906637108
-4.064516129032256,5.225806451612902,-0.09159240262286315,0.0919065792638091,-0.0588749534267603
-4.064516129032256,6.387096774193552,-0.10263091559470507,0.1038383151424725,-0.08547772520657498
-4.064516129032256,7.548387096774193,-0.11342859138035172,0.11611449257882119,-0.10655226711604775
-4.064516129032256,8.709677419354843,-0.12354938353847252,0.12880508883438896,-0.12956359829689107
-4.064516129032256,9.870967741935488,-0.1328718658721176,0.14210662668403054,-0.15384406871210773
-4.064516129032256,11.03225806451613,-0.14118681674470998,0.15623191640556952,-0.1794281661973766
-4.064516129032256,12.193548387096772,-0.1480403837399208,0.17140342310361673,-0.20720162147810714
-4.064516129032256,13.354838709677416,-0.1533528160510749,0.1879395492695731,-0.23607720127445828
-4.064516129032256,14.516129032258057,-0.1566252353192566,0.20615339316743644,-0.2668150557163288
-4.064516129032256,15.677419354838717,-0.1575982109139649,0.2264331962825606,-0.29913083670459956
-4.064516129032256,16.83870967741936,-0.15603878033821103,0.24920343749586085,-0.33282933501717094
-4.064516129032256,18.0,-0.1518012997960278,0.2749193717362246,-0.3676814784878547
16.83870967741936,18.0,-0.017735548486080967,0.01773741829760772,-0.0017772655390809109
16.83870967741936,16.838709677419356,0.0003601184175789618,-6.167047034029751e-05,5.155889150539756e-05
16.83870967741936,15.677419354838714,0.01772058607519975,-0.017718684215183765,0.001760231797777257
16.83870967741936,14.516129032258057,0.022416665102551903,-0.022362109208469656,0.0054545109620689255
16.83870967741936,13.354838709677416,0.03391048635632686,-0.033664250407229944,0.011645581848048783
16.83870967741936,12.19354838709677,0.04543617359557676,-0.044734102243983075,0.01983769684608822
16.83870967741936,11.032258064516128,0.05705413531861792,-0.05548292363644416,0.03004627691334932
16.83870967741936,9.870967741935486,0.06884523863178739,-0.06582750997680922,0.042283076170962094
16.83870967741936,8.709677419354836,0.08090442969355226,-0.07569500292422097,0.056552813905728
16.83870967741936,7.548387096774192,0.09333413017240133,-0.0850282887308759,0.0728494578680827
16.83870967741936,6.38709677419355,0.10623695402472881,-0.09379148706472475,0.0911525741904109
16.83870967741936,5.225806451612902,0.11970754140345627,-0.10197499313826289,0.11142420314486061
16.83870967741936,4.064516129032256,0.1338234769638741,-0.1095995627608083,0.1336066911196858
16.83870967741936,2.903225806451613,0.14863548306800045,-0.11671896924829644,0.1576219006306037
16.83870967741936,1.741935483870968,0.16415734512422073,-0.12342086371921797,0.1833721182956342
16.83870967741936,0.5806451612903203,0.18020585091073443,-0.12970906190130008,0.21131546058579018
16.83870967741936,-0.5806451612903238,0.19696159187115486,-0.13588453143681994,0.2404940539957515
16.83870967741936,-1.741935483870968,0.2143805023898717,-0.14236947858279897,0.26983878402538275
16.83870967741936,-2.903225806451616,0.23184637137926056,-0.14888438990821112,0.3012918755331742
16.83870967741936,-4.064516129032258,0.2492781254500464,-0.15583713485535503,0.3338492077014344
16.83870967741936,-5.225806451612902,0.26634988787180547,-0.1634553718910067,0.36738958504219216
16.83870967741936,-6.387096774193552,0.28269176745458824,-0.17197596330178583,0.4018059953041035
16.83870967741936,-7.548387096774193,0.2979016061508442,-0.18164565036943253,0.4370028754359333
16.83870967741936,-8.709677419354843,0.31156083064942625,-0.19272144764758206,0.4728952196106564
16.83870967741936,-9.870967741935488,0.3232430350568201,-0.205455002135203,0.5095390819243322
16.83870967741936,-11.03225806451613,0.3325844741763396,-0.22017252921687472,0.5464798447706586
16.83870967741936,-12.193548387096772,0.33921031876923335,-0.23712389911141207,0.5840347576236666
16.83870967741936,-13.354838709677416,0.34286565294800153,-0.25659209290504414,0.6223726084692411
16.83870967741936,-14.516129032258057,0.34341643613062894,-0.2784006621169134,0.6672710334675607
16.83870967741936,-15.677419354838717,0.34059567709237354,-0.30428969466821937,0.7071043558315694
16.83870967741936,-16.83870967741936,0.33465232020886865,-0.3330340020610069,-0.46427871271355176
16.83870967741936,-18.0,0.325691867535765,-0.3653331766120276,-2.3987916204502313
5.225806451612902,18.0,-0.10687055183121001,0.1350085448715774,-0.1325804660593729
5.225806451612902,16.838709677419356,-0.10196621264513105,0.11971236558651781,-0.11144229061856722
5.225806451612902,15.677419354838714,-0.09506656100526908,0.10623324753409528,-0.09080429384928722
5.225806451612902,14.516129032258057,-0.08673975683050152,0.09341881671017563,-0.07232929193723275
5.225806451612902,13.354838709677416,-0.07732958417684745,0.08107703825946035,-0.0559513219046
5.225806451612902,12.19354838709677,-0.06712659762809209,0.06906021033983839,-0.04161521754811618
5.225806451612902,11.032258064516128,-0.05636850105700842,0.05725716577246521,-0.02927808063012622
5.225806451612902,9.870967741935486,-0.045243599009716855,0.04558702252325589,-0.01890906053641808
5.225806451612902,8.709677419354836,-0.033895818240172605,0.0339941258412433,-0.010488049478482534
5.225806451612902,7.548387096774192,-0.022430596664991097,0.022444050631599318,-0.004002770507521428
5.225806451612902,6.38709677419355,-0.01760373063915687,0.017607621452782142,-0.0012907584997256466
5.225806451612902,5.225806451612902,-6.424156750820439e-06,-1.0471916499857348e-05,-0.0002462829849744908
5.225806451612902,4.064516129032256,0.01759057873944451,-0.01758409512030066,0.0011160392209008591
5.225806451612902,2.903225806451613,0.02244262158472447,-0.022438641681692437,0.0026155770273878043
5.225806451612902,1.741935483870968,0.03398940613843489,-0.03395139120524678,0.008415631021097174
5.225806451612902,0.5806451612903203,0.0455254907053146,-0.04538424065187236,0.016551087825420547
5.225806451612902,-0.5806451612903238,0.05716278262723583,-0.05693684052938127,0.025648702239105547
5.225806451612902,-1.741935483870968,0.06876539059621603,-0.06839123813174765,0.03718935833679112
5.225806451612902,-2.903225806451616,0.0803582678347356,-0.07987573120526376,0.05015021165266669
5.225806451612902,-4.064516129032258,0.09190603577887806,-0.09159289906741576,0.05890521295711649
5.225806451612902,-5.225806451612902,0.10327868364589936,-0.10337532010545557,-1.4909213488926651
5.225806451612902,-6.387096774193552,0.11435846513590518,-0.11538624730888154,-3.0212263679376123
5.225806451612902,-7.548387096774193,0.124994276880289,-0.12776426731988394,-3.0056845134919263
5.225806451612902,-8.709677419354843,0.13498476489293243,-0.14066298332955365,-2.9842219092543547
5.225806451612902,-9.870967741935488,0.14409048019013093,-0.15427137364842514,-2.9599091680272616
5.225806451612902,-11.03225806451613,0.15203540690446934,-0.16881482505274442,-2.933403399449463
5.225806451612902,-12.193548387096772,0.1585160618322329,-0.18455898255300116,-2.9049642731806737
5.225806451612902,-13.354838709677416,0.16321523719170825,-0.20181214569340694,-2.8747543077752105
5.225806451612902,-14.516129032258057,0.16582233852492925,-0.22092603283589243,-2.8429222595389345
5.225806451612902,-15.677419354838717,0.16606106539236162,-0.24229352295178422,-2.8096399002924537
5.225806451612902,-16.83870967741936,0.1637242874014424,-0.2663414538620889,-2.77512526047929
5.225806451612902,-18.0,0.158714526071618,-0.29351630307445725,-2.739659461793784
-11.032258064516128,-18.0,0.06540620772848178,-0.0688810733098477,-3.0976523963894214
-11.032258064516128,-16.838709677419356,0.05544071889064961,-0.05712613525348347,-3.1097505956872413
-11.032258064516128,-15.677419354838714,0.04478643545670665,-0.045513573207375806,-3.1197983803405065
-11.032258064516128,-14.516129032258057,0.03369913230866284,-0.03395953402933704,-3.127819224903964
-11.032258064516128,-13.354838709677416,0.022361342733732623,-0.02243142055374968,-3.1338538652343355
-11.032258064516128,-12.19354838709677,0.017625583858577966,-0.017624348554123224,-3.13918220113607
-11.032258064516128,-11.032258064516128,-0.0002783720715562219,0.0005631404068389926,1.5325855167998745e-05
-11.032258064516128,-9.870967741935486,-0.017615740678747247,0.017616879049260615,3.1391408703407526
-11.032258064516128,-8.709677419354836,-0.0224415855014503,0.022381866685423555,3.133554627759329
-11.032258064516128,-7.548387096774192,-0.03399966400928999,0.033802782683202484,3.12740214840525
-11.032258064516128,-6.38709677419355,-0.045615819256641627,0.04512800113180429,3.1193099352236304
-11.032258064516128,-5.225806451612902,-0.05732285688709788,0.05632054853755412,3.1092729343400545
-11.032258064516128,-4.064516129032256,-0.06915709763077921,0.06735189917377667,3.097286105900211
-11.032258064516128,-2.903225806451613,-0.08115207774116193,0.07820583818571211,3.083349018231397
-11.032258064516128,-1.741935483870968,-0.09333212434399508,0.08888246819545564,3.0674689009350495
-11.032258064516128,-0.5806451612903203,-0.105691273406838,0.09940210381053619,3.049701825131252
-11.032258064516128,0.5806451612903238,-0.11825339285054894,0.10980735107927503,3.0299679080280035
-11.032258064516128,1.741935483870968,-0.13094418493991197,0.12016452272977812,3.008387022657122
-11.032258064516128,2.903225806451616,-0.14368444650782236,0.13056995086311446,2.98499654232132
-11.032258064516128,4.064516129032258,-0.15635719366216455,0.1411446949649068,2.9598310391899285
-11.032258064516128,5.225806451612902,-0.16879699944956367,0.15203888749912658,2.9329327213224547
-11.032258064516128,6.387096774193552,-0.18079337137887358,0.1634312963608359,2.904324339357023
-11.032258064516128,7.548387096774193,-0.19209276257579316,0.17552959218529893,2.8739651233473458
-11.032258064516128,8.709677419354843,-0.20240407153663403,0.18857052423825765,2.8415760210553644
-11.032258064516128,9.870967741935488,-0.21140816310996832,0.2028199031567184,2.805415719354799
-11.032258064516128,11.03225806451613,-0.21877184005537326,0.21857206594283937,1.162260627757398
-11.032258064516128,12.193548387096772,-0.2241508069070064,0.2361508341169186,-0.3901306623446921
-11.032258064516128,13.354838709677416,-0.2271608227627004,0.2558073070372454,-0.43157775825971895
-11.032258064516128,14.516129032258057,-0.22789369961471492,0.2781709654981685,-0.4665242300816711
-11.032258064516128,15.677419354838717,-0.2257909137133306,0.30334890679203286,-0.5040059555766845
-11.032258064516128,16.83870967741936,-0.22098608456672866,0.33177661595634206,-0.5411578160775294
-11.032258064516128,18.0,-0.21344259063797583,0.3637636872333581,-0.5784667131163268
-0.5806451612903203,-18.0,0.13002838856225743,-0.2026153622901502,-2.9075229759055987
-0.5806451612903203,-16.838709677419356,0.1297627921173153,-0.18064414110814184,-2.9299119046225974
-0.5806451612903203,-15.677419354838714,0.12735004578812015,-0.16314950476547588,-2.9580743568436656
-0.5806451612903203,-14.516129032258057,0.12274970232231092,-0.14722153098127755,-2.984154104066793
-0.5806451612903203,-13.354838709677416,0.11632615495366509,-0.1325300893364215,-3.0080961708301346
-0.5806451612903203,-12.19354838709677,0.10843523090070159,-0.11876734292589555,-3.0299337016291816
-0.5806451612903203,-11.032258064516128,0.09940061225975769,-0.10569249636280785,-3.0496967944166253
-0.5806451612903203,-9.870967741935486,0.08950489506508838,-0.09315822069985294,-3.0672714314961476
-0.5806451612903203,-8.709677419354836,0.07898724964604495,-0.0809748080245373,-3.0827719021054465
-0.5806451612903203,-7.548387096774192,0.06804084194456181,-0.06904100142661117,-3.09614377177753
-0.5806451612903203,-6.38709677419355,0.0567740617688037,-0.05709909617911048,-3.108223420343639
-0.5806451612903203,-5.225806451612902,0.045420139182850074,-0.0456112689143092,-3.1162460505944676
-0.5806451612903203,-4.064516129032256,0.03393520772783852,-0.034008482235106295,-3.122742817029722
-0.5806451612903203,-2.903225806451613,0.022412481764301478,-0.02244327312166487,-3.1263716785188307
-0.5806451612903203,-1.741935483870968,0.017585182954461424,-0.017587069323634692,-3.135821687532979
-0.5806451612903203,-0.5806451612903203,-0.00042122268867888314,0.000817475787679352,-0.06240067336499262
-0.5806451612903203,0.5806451612903238,-0.017591083512697146,0.017592814393131297,0.0
-0.5806451612903203,1.741935483870968,-0.022398162473910785,0.022415070752934068,0.01875902309130597
-0.5806451612903203,2.903225806451616,-0.03392496644546802,0.033950931593465024,-0.0009443983874706847
-0.5806451612903203,4.064516129032258,-0.04546487647619723,0.04553315490901396,-0.013342273987577575
-0.5806451612903203,5.225806451612902,-0.05693683968191343,0.05716278356698605,-0.025648689431060644
-0.5806451612903203,6.387096774193552,-0.06823660413504004,0.06869303300877685,-0.04043985040412143
-0.5806451612903203,7.548387096774193,-0.07931870196064897,0.08069930217967797,-0.05440007597498307
-0.5806451612903203,8.709677419354843,-0.08992417812800944,0.09273089937658521,-0.07159928003696726
-0.5806451612903203,9.870967741935488,-0.10023341481854793,0.10510212492132658,-0.08969771778606148
-0.5806451612903203,11.03225806451613,-0.10953549995401567,0.11742989177983236,-0.1124415508312417
-0.5806451612903203,12.193548387096772,-0.11829802114009991,0.1314450327045593,-0.13228726202909327
-0.5806451612903203,13.354838709677416,-0.1255521056848539,0.14595251346819724,-0.15572132897554883
-0.5806451612903203,14.516129032258057,-0.13112901466888643,0.1614501571401502,-0.18168914164168112
-0.5806451612903203,15.677419354838717,-0.1347073783409884,0.17832940843209652,-0.2098496030751059
-0.5806451612903203,16.83870967741936,-0.1359340403548503,0.19697478655782208,-0.2401819276412369
-0.5806451612903203,18.0,-0.13458735162404925,0.21789691820165982,-0.2722734443801092
-13.354838709677416,-18.0,0.04457914535384587,-0.04542758941182399,-3.1199152859476724
-13.354838709677416,-16.838709677419356,0.033617543365063396,-0.03392043032233359,-3.127984577068649
-13.354838709677416,-15.677419354838714,0.022337868063599407,-0.022418330857791595,-3.1340562393915627
-13.354838709677416,-14.516129032258057,0.017645799401947698,-0.017644446542901225,-3.1392443448377945
-13.354838709677416,-13.354838709677416,0.0002464352984012134,-0.00015968387590531153,-0.05233454974602889
-13.354838709677416,-12.19354838709677,-0.01763390552941985,0.01763520903747137,3.139216072557953
-13.354838709677416,-11.032258064516128,-0.02243142055317381,0.02236134273315612,3.133853865234349
-13.354838709677416,-9.870967741935486,-0.0339753737363094,0.033736170821340644,3.127709368948031
-13.354838709677416,-8.709677419354836,-0.04557641846149562,0.04496916680706499,3.1196137566907165
-13.354838709677416,-7.548387096774192,-0.05727865088049618,0.05600422855127154,3.1095574756581468
-13.354838709677416,-6.38709677419355,-0.06913596496812063,0.06679214925097471,3.097531525068494
-13.354838709677416,-5.225806451612902,-0.08120598334496654,0.0772949825829984,3.0835325946058427
-13.354838709677416,-4.064516129032256,-0.09354371416998558,0.08749070662225637,3.067566952864913
-13.354838709677416,-2.903225806451613,-0.10619449261618895,0.0973774387633715,3.0496531549918275
-13.354838709677416,-1.741935483870968,-0.11918633552076245,0.10697687148266996,3.029823469942613
-13.354838709677416,-0.5806451612903203,-0.13252173159900302,0.11633671083960578,3.0081230827157084
-13.354838709677416,0.5806451612903238,-0.14617130454803726,0.12553266124742066,2.984613130322332
-13.354838709677416,1.741935483870968,-0.16006532740096463,0.13466881766742692,2.959365957723249
-13.354838709677416,2.903225806451616,-0.17408745518690177,0.1438767439281371,2.93245630306943
-13.354838709677416,4.064516129032258,-0.1880735430078186,0.15331603199458613,2.903969316258913
-13.354838709677416,5.225806451612902,-0.20180888663595836,0.163172338073205,2.8739888516608354
-13.354838709677416,6.387096774193552,-0.21503071542231003,0.17365629951947553,2.842593118451594
-13.354838709677416,7.548387096774193,-0.22743389798892746,0.18500245581272073,2.809844903417304
-13.354838709677416,8.709677419354843,-0.2386805299433782,0.19746835423116688,2.775769036307083
-13.354838709677416,9.870967741935488,-0.24841358150625864,0.21133365691644201,2.7402835943935275
-13.354838709677416,11.03225806451613,-0.2562745904753773,0.22689878435261784,2.7029163705980865
-13.354838709677416,12.193548387096772,-0.261925075526393,0.24448237831687447,2.6607975242203827
-13.354838709677416,13.354838709677416,-0.26507082912977126,0.2644167200420992,0.6127575007847025
-13.354838709677416,14.516129032258057,-0.26546767829741297,0.28705293592321035,-0.5304766985781911
-13.354838709677416,15.677419354838717,-0.26283765260098796,0.3126425468925266,-0.5760574905748567
-13.354838709677416,16.83870967741936,-0.2577232503629427,0.3416767410874678,-0.6118076461198728
-13.354838709677416,18.0,-0.2496427838022976,0.37427765625475534,-0.6490769147240836
4.064516129032258,18.0,-0.1132355929595987,0.15054700296001336,-0.15580851878085825
4.064516129032258,16.838709677419356,-0.10958138029045077,0.13383458738100298,-0.13364251982802505
4.064516129032258,15.677419354838714,-0.10374470324978485,0.11956566978151459,-0.11096957402487352
4.064516129032258,14.516129032258057,-0.09626948937017091,0.10616142858360804,-0.09046420986970377
4.064516129032258,13.354838709677416,-0.08751853406584664,0.09339054937431863,-0.07206629821138115
4.064516129032258,12.19354838709677,-0.07780712905492111,0.08107157871879848,-0.05572052558648965
4.064516129032258,11.032258064516128,-0.06739957583239725,0.06906444633888772,-0.041380093884036205
4.064516129032258,9.870967741935486,-0.05651032467512585,0.0572634760940316,-0.029007947698418322
4.064516129032258,8.709677419354836,-0.04530765644925491,0.04559169036747567,-0.018576512801670785
4.064516129032258,7.548387096774192,-0.03391874023465877,0.03399611230764784,-0.010066156470845215
4.064516129032258,6.38709677419355,-0.022435399551275225,0.022443936807839588,-0.003461677114044201
4.064516129032258,5.225806451612902,-0.017584095120300732,0.017590578739444456,-0.0011160392209007507
4.064516129032258,4.064516129032256,-6.638541205728858e-06,-1.5916967077186463e-05,-0.0007519018370237634
4.064516129032258,2.903225806451613,0.017529101721380787,-0.017509074164563227,0.0008830501200504057
4.064516129032258,1.741935483870968,0.022438591988156002,-0.022437707247934025,0.0011158180011306168
4.064516129032258,0.5806451612903203,0.03395092202374112,-0.033910270795773766,0.006795127020331471
4.064516129032258,-0.5806451612903238,0.045533154906352825,-0.04546487647585909,0.013342274513337669
4.064516129032258,-1.741935483870968,0.05711814982423149,-0.05702566083774061,0.0204885184701717
4.064516129032258,-2.903225806451616,0.0685527145172967,-0.06858406107238373,0.02793664532139271
4.064516129032258,-4.064516129032258,0.08016825120759621,-0.08024808750275617,-1.5214192584707726
4.064516129032258,-5.225806451612902,0.09152548665735613,-0.09201036677938047,-3.0547783380413884
4.064516129032258,-6.387096774193552,0.10263492732261839,-0.10397018650309568,-3.0451082015630493
4.064516129032258,-7.548387096774193,0.11335373106722609,-0.1162332470390071,-3.0280726908670834
4.064516129032258,-8.709677419354843,0.12349969181080152,-0.1289366283930371,-3.007747116473653
4.064516129032258,-9.870967741935488,0.13284881259544817,-0.14224850694634086,-2.9849812548343
4.064516129032258,-11.03225806451613,0.14113846904550195,-0.15637371282695048,-2.960079527352113
4.064516129032258,-12.193548387096772,0.14807346803224594,-0.17155756333998445,-2.933197656912235
4.064516129032258,-13.354838709677416,0.15333713276408212,-0.18808933276775675,-2.904447999252406
4.064516129032258,-14.516129032258057,0.15660892720252276,-0.2063046916137284,-2.873941972033529
4.064516129032258,-15.677419354838717,0.15758991463269498,-0.226585808516124,-2.841815761448595
4.064516129032258,-16.83870967741936,0.15603677915219857,-0.24935716149008838,-2.8082512752238613
4.064516129032258,-18.0,0.15180398052809074,-0.2750745128781335,-2.7734948893198546
6.387096774193552,18.0,-0.09991930734050261,0.12035308614041687,-0.11093036571111294
6.387096774193552,16.838709677419356,-0.09378794046862292,0.10623870323107502,-0.09116028336231313
6.387096774193552,15.677419354838714,-0.08590970975825384,0.09340039723382733,-0.07258880115212821
6.387096774193552,14.516129032258057,-0.07681874262953098,0.08105124296767226,-0.056160959356701415
6.387096774193552,13.354838709677416,-0.0668331589926719,0.06903632517831092,-0.04181114669692283
6.387096774193552,12.19354838709677,-0.05621502230583763,0.057239491655535144,-0.029488440603227677
6.387096774193552,11.032258064516128,-0.045173564182445336,0.04557649904263878,-0.019156239841761815
6.387096774193552,9.870967741935486,-0.033870245383040266,0.03398958649825977,-0.01079077336860725
6.387096774193552,8.709677419354836,-0.022424778478168615,0.022443275883190172,-0.004378259007603343
6.387096774193552,7.548387096774192,-0.017615677148272745,0.017618689042436842,-0.0014116596686596895
6.387096774193552,6.38709677419355,-7.173691947327347e-06,-8.001590955154791e-06,-3.7426407527480014e-05
6.387096774193552,5.225806451612902,0.017607621452782114,-0.017603730639156982,0.0012907584997258173
6.387096774193552,4.064516129032256,0.022443936807465717,-0.02243539955090152,0.0034616771140319274
6.387096774193552,2.903225806451613,0.03399523376408012,-0.03393846767371285,0.009437692083680008
6.387096774193552,1.741935483870968,0.04558051534531764,-0.045412579338889474,0.017383616613121766
6.387096774193552,0.5806451612903203,0.05646679892530281,-0.05651717108428221,0.031713496542830164
6.387096774193552,-0.5806451612903238,0.06869301071445139,-0.06823662210955593,0.04044006667795947
6.387096774193552,-1.741935483870968,0.08054943187699014,-0.07962044141521664,0.05322522425662557
6.387096774193552,-2.903225806451616,0.0922612384519972,-0.09116109363972,0.06781137977406411
6.387096774193552,-4.064516129032258,0.10383653254976478,-0.10263219025218874,0.0855269492136941
6.387096774193552,-5.225806451612902,0.11525893621778212,-0.11439982128131664,0.10139678767097665
6.387096774193552,-6.387096774193552,0.12637473859925918,-0.12648006375322673,-1.4438302259401443
6.387096774193552,-7.548387096774193,0.13697508138670492,-0.1389386636979099,-2.9796644032740973
6.387096774193552,-8.709677419354843,0.14686148901960117,-0.1520018797201242,-2.9587184819736887
6.387096774193552,-9.870967741935488,0.15577769451749343,-0.16587635898155054,-2.9331638151858255
6.387096774193552,-11.03225806451613,0.16343573162220523,-0.18080667605804013,-2.905198448583578
6.387096774193552,-12.193548387096772,0.16952562279686276,-0.19707611760171984,-2.8753269260298557
6.387096774193552,-13.354838709677416,0.17373181386089775,-0.2150082540663803,-2.8437897884251413
6.387096774193552,-14.516129032258057,0.17575573935296848,-0.23496593599280893,-2.8107792630909367
6.387096774193552,-15.677419354838717,0.1753448901012926,-0.2573467420668674,-2.776502140849275
6.387096774193552,-16.83870967741936,0.1723273732643208,-0.2825731458374835,-2.741208161115705
6.387096774193552,-18.0,0.16664943735909166,-0.3110757486134563,-2.7052054314437215
-2.903225806451613,-18.0,0.1191596383557338,-0.16718121536288483,-2.9602399484467075
-2.903225806451613,-16.838709677419356,0.11670538821396978,-0.14889386590421053,-2.982931257852751
-2.903225806451613,-15.677419354838714,0.11197834425818629,-0.13366829009625694,-3.0073719284075437
-2.903225806451613,-14.516129032258057,0.10541007897148937,-0.11952622067040415,-3.029599231473308
-2.903225806451613,-13.354838709677416,0.09737531671694151,-0.10619596833109433,-3.0496472953517886
-2.903225806451613,-12.19354838709677,0.08821062030914341,-0.09346117509222568,-3.067552834837964
-2.903225806451613,-11.032258064516128,0.07820572363144306,-0.08115216228540863,-3.083348583648431
-2.903225806451613,-9.870967741935486,0.06760128382081763,-0.06913832571255979,-3.0970606030584737
-2.903225806451613,-8.709677419354836,0.05659035364907234,-0.057321673767243,-3.108707241114476
-2.903225806451613,-7.548387096774192,0.04532200218850409,-0.045631320221474585,-3.1182986040183627
-2.903225806451613,-6.38709677419355,0.03390614746574085,-0.03401870482635557,-3.1258350898528344
-2.903225806451613,-5.225806451612902,0.02241931647871747,-0.022453658135443963,-3.1313020682181665
-2.903225806451613,-4.064516129032256,0.017493000939560483,-0.017510560155210856,-3.1384056067774195
-2.903225806451613,-2.903225806451613,-0.0003538256055722666,0.0007771564627443462,0.05059825476580274
-2.903225806451613,-1.741935483870968,-0.017412663633166417,0.017357375679628362,3.138007787980469
-2.903225806451613,-0.5806451612903203,-0.02244327312142167,0.022412481764058682,3.126371678518829
-2.903225806451613,0.5806451612903238,-0.03399655597523881,0.033937474231595856,3.1166902140397923
-2.903225806451613,1.741935483870968,-0.04556026799045692,0.045479170386618896,3.098290362391459
-2.903225806451613,2.903225806451616,-0.05710251345151559,0.05704822990591582,1.5438634480175553
-2.903225806451613,4.064516129032258,-0.06858404436656232,0.06855274871363488,-0.027934218693958925
-2.903225806451613,5.225806451612902,-0.07987557598791102,0.08035840722663358,-0.05014757103332125
-2.903225806451613,6.387096774193552,-0.09116053002737147,0.0922618578703629,-0.06780284961999446
-2.903225806451613,7.548387096774193,-0.10185477496535666,0.1043408924720045,-0.08836082864071139
-2.903225806451613,8.709677419354843,-0.11231054090029483,0.116859363731796,-0.10810656754179473
-2.903225806451613,9.870967741935488,-0.12194570591903263,0.12985680899846527,-0.13031375637416343
-2.903225806451613,11.03225806451613,-0.13056143594698846,0.14353541588752872,-0.15454114396415589
-2.903225806451613,12.193548387096772,-0.13797169994933975,0.1581418030259402,-0.18034587356639786
-2.903225806451613,13.354838709677416,-0.14390765337539566,0.1739423425755577,-0.20765371261312943
-2.903225806451613,14.516129032258057,-0.14790321568632064,0.19123199042674374,-0.23696798716448367
-2.903225806451613,15.677419354838717,-0.14970197994219928,0.2103856401215158,-0.2679756905939391
-2.903225806451613,16.83870967741936,-0.1490260448196013,0.2318173479198922,-0.30055597168379583
-2.903225806451613,18.0,-0.14567917777813388,0.25598344560164765,-0.33452017947168816
-15.677419354838714,-18.0,0.022311409936295455,-0.022402279680071566,-3.1342016628021754
-15.677419354838714,-16.838709677419356,0.017669953018863316,-0.01766853789449272,-3.1392888959356644
-15.677419354838714,-15.677419354838714,-0.00019338819432227852,0.0004107647465017017,5.9233696906346725e-05
-15.677419354838714,-14.516129032258057,-0.017655988323946728,0.017657377267856326,3.139268310723037
-15.677419354838714,-13.354838709677416,-0.022418330857159382,0.022337868062966743,3.134056239391607
-15.677419354838714,-12.19354838709677,-0.0339412222113964,0.033659593283266315,3.127909487830988
-15.677419354838714,-11.032258064516128,-0.04551357320381735,0.04478643547689516,3.1197983804446445
-15.677419354838714,-9.870967741935486,-0.05718857345998513,0.05564058752097038,3.1097072494233204
-15.677419354838714,-8.709677419354836,-0.0690356514065051,0.06614946076978927,3.0976208725376164
-15.677419354838714,-7.548387096774192,-0.08113483951419823,0.07625073368899835,3.0835302505865543
-15.677419354838714,-6.38709677419355,-0.09357074197074494,0.08589795464709983,3.0674374476488824
-15.677419354838714,-5.225806451612902,-0.10642547221550028,0.09506581062138479,3.0493594233262966
-15.677419354838714,-4.064516129032256,-0.11977055147998618,0.10375458825263485,3.0293306335471235
-15.677419354838714,-2.903225806451613,-0.13365800164501984,0.11199352211443879,3.0074042755112553
-15.677419354838714,-1.741935483870968,-0.1481110308696899,0.11984280317724266,2.983652080392015
-15.677419354838714,-0.5806451612903203,-0.1631140525282978,0.12739398866757415,2.9581616831252364
-15.677419354838714,0.5806451612903238,-0.17860809114010637,0.13476951239966636,2.931036319347307
-15.677419354838714,1.741935483870968,-0.19447923370022913,0.14212069970327298,2.902392672031515
-15.677419354838714,2.903225806451616,-0.21055582980727597,0.14962254597734498,2.8723409520651306
-15.677419354838714,4.064516129032258,-0.2266109860021953,0.15747335977098043,2.8410004138247067
-15.677419354838714,5.225806451612902,-0.24236244785000055,0.1658899933349214,2.808483474203044
-15.677419354838714,6.387096774193552,-0.25747998369689473,0.17510581897235097,2.7748949126216904
-15.677419354838714,7.548387096774193,-0.27159582113881947,0.18536930517068317,2.740329571269129
-15.677419354838714,8.709677419354843,-0.28431872437198785,0.19694333815492746,2.7048693890404847
-15.677419354838714,9.870967741935488,-0.2952514781116663,0.21010482128406208,2.668575248287474
-15.677419354838714,11.03225806451613,-0.30401140459342535,0.22514378961225037,2.6314601034356797
-15.677419354838714,12.193548387096772,-0.3102532515985036,0.24236114753003096,2.5933951450584867
-15.677419354838714,13.354838709677416,-0.31369327569730127,0.2620641570681198,2.5537114083013916
-15.677419354838714,14.516129032258057,-0.314132633780966,0.2845590692667335,2.508362505587214
-15.677419354838714,15.677419354838717,-0.3114774544031153,0.310140799665056,-0.4450391020609777
-15.677419354838714,16.83870967741936,-0.3057425805794818,0.33908627882712744,-0.6728016085005802
-15.677419354838714,18.0,-0.2962549949786635,0.3717651187235845,-0.7251631894672971
8.709677419354843,18.0,-0.08400820929644054,0.09340852612873102,-0.07284683888334538
8.709677419354843,16.838709677419356,-0.07569474841477748,0.08090452859858925,-0.05655346238836198
8.709677419354843,15.677419354838714,-0.06618389283150622,0.06892902761766471,-0.04213768440122607
8.709677419354843,14.516129032258057,-0.05587282685955776,0.05716988601949433,-0.029805152283144842
8.709677419354843,13.354838709677416,-0.04501571168940446,0.045537963190587685,-0.019503498351156393
8.709677419354843,12.19354838709677,-0.03381154755455053,0.033973077112251296,-0.011197378711594838
8.709677419354843,11.032258064516128,-0.022410649751596973,0.022439376324485984,-0.004865238035998112
8.709677419354843,9.870967741935486,-0.01763707703041818,0.01763944958234048,-0.001564565548849564
8.709677419354843,8.709677419354836,-1.0451689503856073e-05,-6.478778584767993e-06,0.00010142395997963591
8.709677419354843,7.548387096774192,0.017628904740807066,-0.01762630176985819,0.0014989235564802717
8.709677419354843,6.38709677419355,0.022443275882793098,-0.02242477847777136,0.004378259007593753
8.709677419354843,5.225806451612902,0.033994125841242555,-0.033895818240174576,0.010488049478446419
8.709677419354843,4.064516129032256,0.045591690362855486,-0.045307656456385265,0.01857651273319858
8.709677419354843,2.903225806451613,0.05725833593490238,-0.05664033130240953,0.028641140752314845
8.709677419354843,1.741935483870968,0.069013636023204,-0.06788349620518905,0.04067634846652659
8.709677419354843,0.5806451612903203,0.08086270728298758,-0.079033084608905,0.05471328868773293
8.709677419354843,-0.5806451612903238,0.09273023542775949,-0.08992494109574553,0.07160115568576877
8.709677419354843,-1.741935483870968,0.1048320364810159,-0.10120718386725971,0.08842052153423374
8.709677419354843,-2.903225806451616,0.11685533798341387,-0.11231355351907571,0.10815011005210323
8.709677419354843,-4.064516129032258,0.1287969910881188,-0.12355573698626748,0.12966765276038517
8.709677419354843,-5.225806451612902,0.14052985294830858,-0.13506226676414915,0.15277079602017193
8.709677419354843,-6.387096774193552,0.15187475625373004,-0.14694122422696945,0.17758087100841685
8.709677419354843,-7.548387096774193,0.16259847588788082,-0.1593266348587047,0.20542038353194053
8.709677419354843,-8.709677419354843,0.17253103129136313,-0.1726187514334809,-0.9964846486196769
8.709677419354843,-9.870967741935488,0.18129689532234358,-0.1868531182555421,-2.8751736677538613
8.709677419354843,-11.03225806451613,0.18861716598468548,-0.20237467440498172,-2.844932271668236
8.709677419354843,-12.193548387096772,0.19417141745914018,-0.21949320487421733,-2.812516162033659
8.709677419354843,-13.354838709677416,0.19765081256945663,-0.23855083824183704,-2.7786777719043507
8.709677419354843,-14.516129032258057,0.19878304776401406,-0.2599182214433624,-2.7437157756843655
8.709677419354843,-15.677419354838717,0.19736185370230924,-0.2839862962251361,-2.7078922823415312
8.709677419354843,-16.83870967741936,0.19327821808604248,-0.31115293368505337,-2.6714973901619965
8.709677419354843,-18.0,0.18654957262123784,-0.34180405094484556,-2.634864779033606
7.548387096774193,18.0,-0.09230303359780627,0.10653323850679947,-0.09097002361723397
7.548387096774193,16.838709677419356,-0.08502716403546093,0.09333462591027718,-0.07285207478741773
7.548387096774193,15.677419354838714,-0.07627401519863218,0.08099386827619945,-0.056359505262577644
7.548387096774193,14.516129032258057,-0.06651901733177383,0.06899265378151448,-0.0419823080015512
7.548387096774193,13.354838709677416,-0.05604983001284925,0.05721041856043307,-0.029659930638978142
7.548387096774193,12.19354838709677,-0.04509760544207305,0.045560148753789755,-0.019348476967522676
7.548387096774193,11.032258064516128,-0.03384214410009563,0.03398256410868748,-0.011018906158521772
7.548387096774193,9.870967741935486,-0.022418108834514124,0.022441706032661497,-0.004654050175907533
7.548387096774193,8.709677419354836,-0.017626301769858063,0.01762890474080707,-0.0014989235564802192
7.548387096774193,7.548387096774192,-8.560011656999951e-06,-6.874355869570618e-06,5.703641436293081e-05
7.548387096774193,6.38709677419355,0.017618689042436842,-0.01761567714827277,0.001411659668659701
7.548387096774193,5.225806451612902,0.02244405063121088,-0.022430596664602696,0.0040027705075124115
7.548387096774193,4.064516129032256,0.033996112307647215,-0.03391874023466021,0.010066156470812819
7.548387096774193,2.903225806451613,0.04559026397241082,-0.04536530909354657,0.018102505016889578
7.548387096774193,1.741935483870968,0.057240330065690154,-0.05675585718138308,0.028114262272920902
7.548387096774193,0.5806451612903203,0.06892775343588965,-0.06806608415614909,0.04031192444716595
7.548387096774193,-0.5806451612903238,0.08069912766066183,-0.07931888463809483,0.054400443629325154
7.548387096774193,-1.741935483870968,0.0925612413561627,-0.090669938758173,0.06974037578000448
7.548387096774193,-2.903225806451616,0.10433896391122363,-0.10185609988131272,0.08838297074379241
7.548387096774193,-4.064516129032258,0.11611048105088097,-0.11343201190301583,0.10662120055022056
7.548387096774193,-5.225806451612902,0.12750933644809306,-0.12501090597204328,0.12990590381029504
7.548387096774193,-6.387096774193552,0.13879029756023417,-0.13698127411831804,0.150969849625923
7.548387096774193,-7.548387096774193,0.14945633153230545,-0.14956207670690227,-1.3057105465699308
7.548387096774193,-8.709677419354843,0.15930682357654263,-0.1627389239306691,-2.930679655457693
7.548387096774193,-9.870967741935488,0.16810461763851253,-0.1768285202302395,-2.904843833005479
7.548387096774193,-11.03225806451613,0.17554973091218523,-0.1920917977731613,-2.875613223544648
7.548387096774193,-12.193548387096772,0.18132693562184574,-0.20882679779528263,-2.844435433407752
7.548387096774193,-13.354838709677416,0.1851237189898497,-0.22736836698672172,-2.811700887162641
7.548387096774193,-14.516129032258057,0.1866545692445829,-0.24808558502012973,-2.7776547958595357
7.548387096774193,-15.677419354838717,0.18569062746251472,-0.27137516067381556,-2.742536899317422
7.548387096774193,-16.83870967741936,0.18209294938648882,-0.29764951777081816,-2.7066224922582602
7.548387096774193,-18.0,0.17584608813455718,-0.3273185343079603,-2.670237811033301
